#,,,,,"generated_by='OpenQuake engine 3.25.0-git8d6ee50a21', start_date='2026-02-24T22:19:28', checksum=1509732466, investigation_time=1.0, mag_bin_edges=[4.0, 5.0, 6.0, 7.0, 8.0, 9.0], dist_bin_edges=[0.0, 10.0, 20.0, 30.0, 40.0, 50.0, 60.0, 70.0, 80.0, 90.0, 100.0, 110.0, 120.0, 130.0, 140.0, 150.0, 160.0, 170.0, 180.0, 190.0, 200.0, 210.0, 220.0, 230.0, 240.0, 250.0, 260.0, 270.0, 280.0, 290.0, 300.0, 310.0, 320.0, 330.0, 340.0, 350.0, 360.0, 370.0, 380.0, 390.0, 400.0], lon_bin_edges=[-13.750092036789976, -9.1393, -4.528507963210025], lat_bin_edges=[35.12502, 38.7223, 42.319579999999995], eps_bin_edges=[-5.0, -1.6666666666666665, 1.666666666666667, 5.0], tectonic_region_types=['Shallow Inland', 'Shallow offshore'], lon=-9.1393, lat=38.7223"
imt,iml,poe,mag,dist,mean
PGA,3.02782E-01,4.04000E-04,4.50000E+00,5.00000E+00,3.07863E-05
PGA,3.02782E-01,4.04000E-04,4.50000E+00,1.50000E+01,7.23456E-06
PGA,3.02782E-01,4.04000E-04,4.50000E+00,2.50000E+01,1.62106E-07
PGA,3.02782E-01,4.04000E-04,4.50000E+00,3.50000E+01,4.48679E-09
PGA,3.02782E-01,4.04000E-04,4.50000E+00,4.50000E+01,8.36831E-12
PGA,3.02782E-01,4.04000E-04,4.50000E+00,5.50000E+01,7.13840E-12
PGA,3.02782E-01,4.04000E-04,4.50000E+00,6.50000E+01,0.00000E+00
PGA,3.02782E-01,4.04000E-04,4.50000E+00,7.50000E+01,0.00000E+00
PGA,3.02782E-01,4.04000E-04,4.50000E+00,8.50000E+01,0.00000E+00
PGA,3.02782E-01,4.04000E-04,4.50000E+00,9.50000E+01,0.00000E+00
PGA,3.02782E-01,4.04000E-04,4.50000E+00,1.05000E+02,0.00000E+00
PGA,3.02782E-01,4.04000E-04,4.50000E+00,1.15000E+02,0.00000E+00
PGA,3.02782E-01,4.04000E-04,4.50000E+00,1.25000E+02,0.00000E+00
PGA,3.02782E-01,4.04000E-04,4.50000E+00,1.35000E+02,0.00000E+00
PGA,3.02782E-01,4.04000E-04,4.50000E+00,1.45000E+02,0.00000E+00
PGA,3.02782E-01,4.04000E-04,4.50000E+00,1.55000E+02,0.00000E+00
PGA,3.02782E-01,4.04000E-04,4.50000E+00,1.65000E+02,0.00000E+00
PGA,3.02782E-01,4.04000E-04,4.50000E+00,1.75000E+02,0.00000E+00
PGA,3.02782E-01,4.04000E-04,4.50000E+00,1.85000E+02,0.00000E+00
PGA,3.02782E-01,4.04000E-04,4.50000E+00,1.95000E+02,0.00000E+00
PGA,3.02782E-01,4.04000E-04,4.50000E+00,2.05000E+02,0.00000E+00
PGA,3.02782E-01,4.04000E-04,4.50000E+00,2.15000E+02,0.00000E+00
PGA,3.02782E-01,4.04000E-04,4.50000E+00,2.25000E+02,0.00000E+00
PGA,3.02782E-01,4.04000E-04,4.50000E+00,2.35000E+02,0.00000E+00
PGA,3.02782E-01,4.04000E-04,4.50000E+00,2.45000E+02,0.00000E+00
PGA,3.02782E-01,4.04000E-04,4.50000E+00,2.55000E+02,0.00000E+00
PGA,3.02782E-01,4.04000E-04,4.50000E+00,2.65000E+02,0.00000E+00
PGA,3.02782E-01,4.04000E-04,4.50000E+00,2.75000E+02,0.00000E+00
PGA,3.02782E-01,4.04000E-04,4.50000E+00,2.85000E+02,0.00000E+00
PGA,3.02782E-01,4.04000E-04,4.50000E+00,2.95000E+02,0.00000E+00
PGA,3.02782E-01,4.04000E-04,4.50000E+00,3.05000E+02,0.00000E+00
PGA,3.02782E-01,4.04000E-04,4.50000E+00,3.15000E+02,0.00000E+00
PGA,3.02782E-01,4.04000E-04,4.50000E+00,3.25000E+02,0.00000E+00
PGA,3.02782E-01,4.04000E-04,4.50000E+00,3.35000E+02,0.00000E+00
PGA,3.02782E-01,4.04000E-04,4.50000E+00,3.45000E+02,0.00000E+00
PGA,3.02782E-01,4.04000E-04,4.50000E+00,3.55000E+02,0.00000E+00
PGA,3.02782E-01,4.04000E-04,4.50000E+00,3.65000E+02,0.00000E+00
PGA,3.02782E-01,4.04000E-04,4.50000E+00,3.75000E+02,0.00000E+00
PGA,3.02782E-01,4.04000E-04,4.50000E+00,3.85000E+02,0.00000E+00
PGA,3.02782E-01,4.04000E-04,4.50000E+00,3.95000E+02,0.00000E+00
PGA,3.02782E-01,4.04000E-04,5.50000E+00,5.00000E+00,3.57322E-05
PGA,3.02782E-01,4.04000E-04,5.50000E+00,1.50000E+01,7.10485E-05
PGA,3.02782E-01,4.04000E-04,5.50000E+00,2.50000E+01,1.02914E-05
PGA,3.02782E-01,4.04000E-04,5.50000E+00,3.50000E+01,1.85792E-06
PGA,3.02782E-01,4.04000E-04,5.50000E+00,4.50000E+01,4.43774E-07
PGA,3.02782E-01,4.04000E-04,5.50000E+00,5.50000E+01,1.52237E-07
PGA,3.02782E-01,4.04000E-04,5.50000E+00,6.50000E+01,1.60565E-07
PGA,3.02782E-01,4.04000E-04,5.50000E+00,7.50000E+01,7.56132E-08
PGA,3.02782E-01,4.04000E-04,5.50000E+00,8.50000E+01,4.09858E-08
PGA,3.02782E-01,4.04000E-04,5.50000E+00,9.50000E+01,1.89465E-08
PGA,3.02782E-01,4.04000E-04,5.50000E+00,1.05000E+02,8.32968E-09
PGA,3.02782E-01,4.04000E-04,5.50000E+00,1.15000E+02,1.02646E-08
PGA,3.02782E-01,4.04000E-04,5.50000E+00,1.25000E+02,7.50325E-09
PGA,3.02782E-01,4.04000E-04,5.50000E+00,1.35000E+02,1.24897E-09
PGA,3.02782E-01,4.04000E-04,5.50000E+00,1.45000E+02,1.39314E-09
PGA,3.02782E-01,4.04000E-04,5.50000E+00,1.55000E+02,2.15204E-09
PGA,3.02782E-01,4.04000E-04,5.50000E+00,1.65000E+02,5.83023E-10
PGA,3.02782E-01,4.04000E-04,5.50000E+00,1.75000E+02,6.83592E-10
PGA,3.02782E-01,4.04000E-04,5.50000E+00,1.85000E+02,2.31881E-10
PGA,3.02782E-01,4.04000E-04,5.50000E+00,1.95000E+02,1.82764E-10
PGA,3.02782E-01,4.04000E-04,5.50000E+00,2.05000E+02,1.72019E-10
PGA,3.02782E-01,4.04000E-04,5.50000E+00,2.15000E+02,1.27357E-10
PGA,3.02782E-01,4.04000E-04,5.50000E+00,2.25000E+02,2.00738E-11
PGA,3.02782E-01,4.04000E-04,5.50000E+00,2.35000E+02,0.00000E+00
PGA,3.02782E-01,4.04000E-04,5.50000E+00,2.45000E+02,0.00000E+00
PGA,3.02782E-01,4.04000E-04,5.50000E+00,2.55000E+02,0.00000E+00
PGA,3.02782E-01,4.04000E-04,5.50000E+00,2.65000E+02,0.00000E+00
PGA,3.02782E-01,4.04000E-04,5.50000E+00,2.75000E+02,0.00000E+00
PGA,3.02782E-01,4.04000E-04,5.50000E+00,2.85000E+02,0.00000E+00
PGA,3.02782E-01,4.04000E-04,5.50000E+00,2.95000E+02,0.00000E+00
PGA,3.02782E-01,4.04000E-04,5.50000E+00,3.05000E+02,0.00000E+00
PGA,3.02782E-01,4.04000E-04,5.50000E+00,3.15000E+02,0.00000E+00
PGA,3.02782E-01,4.04000E-04,5.50000E+00,3.25000E+02,0.00000E+00
PGA,3.02782E-01,4.04000E-04,5.50000E+00,3.35000E+02,0.00000E+00
PGA,3.02782E-01,4.04000E-04,5.50000E+00,3.45000E+02,0.00000E+00
PGA,3.02782E-01,4.04000E-04,5.50000E+00,3.55000E+02,0.00000E+00
PGA,3.02782E-01,4.04000E-04,5.50000E+00,3.65000E+02,0.00000E+00
PGA,3.02782E-01,4.04000E-04,5.50000E+00,3.75000E+02,0.00000E+00
PGA,3.02782E-01,4.04000E-04,5.50000E+00,3.85000E+02,0.00000E+00
PGA,3.02782E-01,4.04000E-04,5.50000E+00,3.95000E+02,0.00000E+00
PGA,3.02782E-01,4.04000E-04,6.50000E+00,5.00000E+00,1.70570E-05
PGA,3.02782E-01,4.04000E-04,6.50000E+00,1.50000E+01,3.31200E-05
PGA,3.02782E-01,4.04000E-04,6.50000E+00,2.50000E+01,8.55040E-06
PGA,3.02782E-01,4.04000E-04,6.50000E+00,3.50000E+01,3.06278E-06
PGA,3.02782E-01,4.04000E-04,6.50000E+00,4.50000E+01,1.03004E-06
PGA,3.02782E-01,4.04000E-04,6.50000E+00,5.50000E+01,5.31187E-07
PGA,3.02782E-01,4.04000E-04,6.50000E+00,6.50000E+01,5.75056E-07
PGA,3.02782E-01,4.04000E-04,6.50000E+00,7.50000E+01,3.53677E-07
PGA,3.02782E-01,4.04000E-04,6.50000E+00,8.50000E+01,2.33772E-07
PGA,3.02782E-01,4.04000E-04,6.50000E+00,9.50000E+01,1.37678E-07
PGA,3.02782E-01,4.04000E-04,6.50000E+00,1.05000E+02,7.31080E-08
PGA,3.02782E-01,4.04000E-04,6.50000E+00,1.15000E+02,9.20637E-08
PGA,3.02782E-01,4.04000E-04,6.50000E+00,1.25000E+02,9.73263E-08
PGA,3.02782E-01,4.04000E-04,6.50000E+00,1.35000E+02,2.23581E-08
PGA,3.02782E-01,4.04000E-04,6.50000E+00,1.45000E+02,3.10522E-08
PGA,3.02782E-01,4.04000E-04,6.50000E+00,1.55000E+02,4.80447E-08
PGA,3.02782E-01,4.04000E-04,6.50000E+00,1.65000E+02,2.43603E-08
PGA,3.02782E-01,4.04000E-04,6.50000E+00,1.75000E+02,2.58081E-08
PGA,3.02782E-01,4.04000E-04,6.50000E+00,1.85000E+02,1.27828E-08
PGA,3.02782E-01,4.04000E-04,6.50000E+00,1.95000E+02,1.72594E-08
PGA,3.02782E-01,4.04000E-04,6.50000E+00,2.05000E+02,3.94458E-08
PGA,3.02782E-01,4.04000E-04,6.50000E+00,2.15000E+02,4.82117E-08
PGA,3.02782E-01,4.04000E-04,6.50000E+00,2.25000E+02,1.58325E-08
PGA,3.02782E-01,4.04000E-04,6.50000E+00,2.35000E+02,7.00913E-09
PGA,3.02782E-01,4.04000E-04,6.50000E+00,2.45000E+02,1.23316E-08
PGA,3.02782E-01,4.04000E-04,6.50000E+00,2.55000E+02,2.71631E-08
PGA,3.02782E-01,4.04000E-04,6.50000E+00,2.65000E+02,5.59997E-09
PGA,3.02782E-01,4.04000E-04,6.50000E+00,2.75000E+02,2.73972E-08
PGA,3.02782E-01,4.04000E-04,6.50000E+00,2.85000E+02,1.25607E-08
PGA,3.02782E-01,4.04000E-04,6.50000E+00,2.95000E+02,2.12493E-08
PGA,3.02782E-01,4.04000E-04,6.50000E+00,3.05000E+02,9.08191E-09
PGA,3.02782E-01,4.04000E-04,6.50000E+00,3.15000E+02,2.74120E-08
PGA,3.02782E-01,4.04000E-04,6.50000E+00,3.25000E+02,1.24105E-08
PGA,3.02782E-01,4.04000E-04,6.50000E+00,3.35000E+02,1.01914E-08
PGA,3.02782E-01,4.04000E-04,6.50000E+00,3.45000E+02,2.03321E-08
PGA,3.02782E-01,4.04000E-04,6.50000E+00,3.55000E+02,1.29120E-08
PGA,3.02782E-01,4.04000E-04,6.50000E+00,3.65000E+02,1.05440E-08
PGA,3.02782E-01,4.04000E-04,6.50000E+00,3.75000E+02,2.04543E-08
PGA,3.02782E-01,4.04000E-04,6.50000E+00,3.85000E+02,1.85465E-08
PGA,3.02782E-01,4.04000E-04,6.50000E+00,3.95000E+02,8.38419E-09
PGA,3.02782E-01,4.04000E-04,7.50000E+00,5.00000E+00,2.97846E-06
PGA,3.02782E-01,4.04000E-04,7.50000E+00,1.50000E+01,3.80204E-06
PGA,3.02782E-01,4.04000E-04,7.50000E+00,2.50000E+01,1.70701E-06
PGA,3.02782E-01,4.04000E-04,7.50000E+00,3.50000E+01,1.50476E-06
PGA,3.02782E-01,4.04000E-04,7.50000E+00,4.50000E+01,4.82278E-07
PGA,3.02782E-01,4.04000E-04,7.50000E+00,5.50000E+01,2.34123E-07
PGA,3.02782E-01,4.04000E-04,7.50000E+00,6.50000E+01,2.46999E-07
PGA,3.02782E-01,4.04000E-04,7.50000E+00,7.50000E+01,2.35470E-07
PGA,3.02782E-01,4.04000E-04,7.50000E+00,8.50000E+01,1.81693E-07
PGA,3.02782E-01,4.04000E-04,7.50000E+00,9.50000E+01,1.55003E-07
PGA,3.02782E-01,4.04000E-04,7.50000E+00,1.05000E+02,1.02831E-07
PGA,3.02782E-01,4.04000E-04,7.50000E+00,1.15000E+02,8.19573E-08
PGA,3.02782E-01,4.04000E-04,7.50000E+00,1.25000E+02,2.27593E-07
PGA,3.02782E-01,4.04000E-04,7.50000E+00,1.35000E+02,5.77004E-08
PGA,3.02782E-01,4.04000E-04,7.50000E+00,1.45000E+02,7.90634E-08
PGA,3.02782E-01,4.04000E-04,7.50000E+00,1.55000E+02,1.64974E-07
PGA,3.02782E-01,4.04000E-04,7.50000E+00,1.65000E+02,1.10927E-07
PGA,3.02782E-01,4.04000E-04,7.50000E+00,1.75000E+02,4.27668E-08
PGA,3.02782E-01,4.04000E-04,7.50000E+00,1.85000E+02,2.88220E-07
PGA,3.02782E-01,4.04000E-04,7.50000E+00,1.95000E+02,3.34449E-07
PGA,3.02782E-01,4.04000E-04,7.50000E+00,2.05000E+02,9.00188E-07
PGA,3.02782E-01,4.04000E-04,7.50000E+00,2.15000E+02,1.55428E-06
PGA,3.02782E-01,4.04000E-04,7.50000E+00,2.25000E+02,4.94761E-07
PGA,3.02782E-01,4.04000E-04,7.50000E+00,2.35000E+02,5.06180E-07
PGA,3.02782E-01,4.04000E-04,7.50000E+00,2.45000E+02,4.25592E-07
PGA,3.02782E-01,4.04000E-04,7.50000E+00,2.55000E+02,2.32836E-06
PGA,3.02782E-01,4.04000E-04,7.50000E+00,2.65000E+02,1.04971E-07
PGA,3.02782E-01,4.04000E-04,7.50000E+00,2.75000E+02,3.01260E-06
PGA,3.02782E-01,4.04000E-04,7.50000E+00,2.85000E+02,1.41233E-06
PGA,3.02782E-01,4.04000E-04,7.50000E+00,2.95000E+02,2.38696E-06
PGA,3.02782E-01,4.04000E-04,7.50000E+00,3.05000E+02,3.72584E-07
PGA,3.02782E-01,4.04000E-04,7.50000E+00,3.15000E+02,4.06053E-06
PGA,3.02782E-01,4.04000E-04,7.50000E+00,3.25000E+02,6.56614E-07
PGA,3.02782E-01,4.04000E-04,7.50000E+00,3.35000E+02,1.58807E-06
PGA,3.02782E-01,4.04000E-04,7.50000E+00,3.45000E+02,1.63319E-06
PGA,3.02782E-01,4.04000E-04,7.50000E+00,3.55000E+02,1.44080E-06
PGA,3.02782E-01,4.04000E-04,7.50000E+00,3.65000E+02,1.11490E-06
PGA,3.02782E-01,4.04000E-04,7.50000E+00,3.75000E+02,1.78636E-06
PGA,3.02782E-01,4.04000E-04,7.50000E+00,3.85000E+02,2.33995E-06
PGA,3.02782E-01,4.04000E-04,7.50000E+00,3.95000E+02,1.12982E-06
PGA,3.02782E-01,4.04000E-04,8.50000E+00,5.00000E+00,0.00000E+00
PGA,3.02782E-01,4.04000E-04,8.50000E+00,1.50000E+01,1.59709E-08
PGA,3.02782E-01,4.04000E-04,8.50000E+00,2.50000E+01,0.00000E+00
PGA,3.02782E-01,4.04000E-04,8.50000E+00,3.50000E+01,4.91311E-09
PGA,3.02782E-01,4.04000E-04,8.50000E+00,4.50000E+01,0.00000E+00
PGA,3.02782E-01,4.04000E-04,8.50000E+00,5.50000E+01,1.24025E-10
PGA,3.02782E-01,4.04000E-04,8.50000E+00,6.50000E+01,3.68190E-10
PGA,3.02782E-01,4.04000E-04,8.50000E+00,7.50000E+01,4.98670E-10
PGA,3.02782E-01,4.04000E-04,8.50000E+00,8.50000E+01,4.84069E-10
PGA,3.02782E-01,4.04000E-04,8.50000E+00,9.50000E+01,4.94631E-10
PGA,3.02782E-01,4.04000E-04,8.50000E+00,1.05000E+02,3.77382E-10
PGA,3.02782E-01,4.04000E-04,8.50000E+00,1.15000E+02,3.21565E-10
PGA,3.02782E-01,4.04000E-04,8.50000E+00,1.25000E+02,1.00630E-09
PGA,3.02782E-01,4.04000E-04,8.50000E+00,1.35000E+02,2.57534E-10
PGA,3.02782E-01,4.04000E-04,8.50000E+00,1.45000E+02,4.10399E-10
PGA,3.02782E-01,4.04000E-04,8.50000E+00,1.55000E+02,1.32698E-09
PGA,3.02782E-01,4.04000E-04,8.50000E+00,1.65000E+02,6.76716E-10
PGA,3.02782E-01,4.04000E-04,8.50000E+00,1.75000E+02,1.00856E-09
PGA,3.02782E-01,4.04000E-04,8.50000E+00,1.85000E+02,8.38840E-07
PGA,3.02782E-01,4.04000E-04,8.50000E+00,1.95000E+02,9.62718E-07
PGA,3.02782E-01,4.04000E-04,8.50000E+00,2.05000E+02,2.01919E-06
PGA,3.02782E-01,4.04000E-04,8.50000E+00,2.15000E+02,4.36172E-06
PGA,3.02782E-01,4.04000E-04,8.50000E+00,2.25000E+02,1.67751E-06
PGA,3.02782E-01,4.04000E-04,8.50000E+00,2.35000E+02,2.04335E-06
PGA,3.02782E-01,4.04000E-04,8.50000E+00,2.45000E+02,1.70846E-06
PGA,3.02782E-01,4.04000E-04,8.50000E+00,2.55000E+02,1.03737E-05
PGA,3.02782E-01,4.04000E-04,8.50000E+00,2.65000E+02,8.62698E-08
PGA,3.02782E-01,4.04000E-04,8.50000E+00,2.75000E+02,1.43565E-05
PGA,3.02782E-01,4.04000E-04,8.50000E+00,2.85000E+02,8.46911E-06
PGA,3.02782E-01,4.04000E-04,8.50000E+00,2.95000E+02,9.85393E-06
PGA,3.02782E-01,4.04000E-04,8.50000E+00,3.05000E+02,9.80865E-07
PGA,3.02782E-01,4.04000E-04,8.50000E+00,3.15000E+02,2.05821E-05
PGA,3.02782E-01,4.04000E-04,8.50000E+00,3.25000E+02,4.09909E-06
PGA,3.02782E-01,4.04000E-04,8.50000E+00,3.35000E+02,9.52019E-06
PGA,3.02782E-01,4.04000E-04,8.50000E+00,3.45000E+02,9.03677E-06
PGA,3.02782E-01,4.04000E-04,8.50000E+00,3.55000E+02,8.56727E-06
PGA,3.02782E-01,4.04000E-04,8.50000E+00,3.65000E+02,4.60754E-06
PGA,3.02782E-01,4.04000E-04,8.50000E+00,3.75000E+02,9.88176E-06
PGA,3.02782E-01,4.04000E-04,8.50000E+00,3.85000E+02,1.36386E-05
PGA,3.02782E-01,4.04000E-04,8.50000E+00,3.95000E+02,6.49017E-06
PGA,1.61547E-01,2.10500E-03,4.50000E+00,5.00000E+00,9.60393E-05
PGA,1.61547E-01,2.10500E-03,4.50000E+00,1.50000E+01,7.64645E-05
PGA,1.61547E-01,2.10500E-03,4.50000E+00,2.50000E+01,4.24348E-06
PGA,1.61547E-01,2.10500E-03,4.50000E+00,3.50000E+01,3.27673E-07
PGA,1.61547E-01,2.10500E-03,4.50000E+00,4.50000E+01,3.91953E-08
PGA,1.61547E-01,2.10500E-03,4.50000E+00,5.50000E+01,6.40926E-09
PGA,1.61547E-01,2.10500E-03,4.50000E+00,6.50000E+01,6.29634E-09
PGA,1.61547E-01,2.10500E-03,4.50000E+00,7.50000E+01,1.58491E-09
PGA,1.61547E-01,2.10500E-03,4.50000E+00,8.50000E+01,5.37878E-10
PGA,1.61547E-01,2.10500E-03,4.50000E+00,9.50000E+01,5.99705E-11
PGA,1.61547E-01,2.10500E-03,4.50000E+00,1.05000E+02,0.00000E+00
PGA,1.61547E-01,2.10500E-03,4.50000E+00,1.15000E+02,0.00000E+00
PGA,1.61547E-01,2.10500E-03,4.50000E+00,1.25000E+02,0.00000E+00
PGA,1.61547E-01,2.10500E-03,4.50000E+00,1.35000E+02,0.00000E+00
PGA,1.61547E-01,2.10500E-03,4.50000E+00,1.45000E+02,0.00000E+00
PGA,1.61547E-01,2.10500E-03,4.50000E+00,1.55000E+02,0.00000E+00
PGA,1.61547E-01,2.10500E-03,4.50000E+00,1.65000E+02,0.00000E+00
PGA,1.61547E-01,2.10500E-03,4.50000E+00,1.75000E+02,0.00000E+00
PGA,1.61547E-01,2.10500E-03,4.50000E+00,1.85000E+02,0.00000E+00
PGA,1.61547E-01,2.10500E-03,4.50000E+00,1.95000E+02,0.00000E+00
PGA,1.61547E-01,2.10500E-03,4.50000E+00,2.05000E+02,0.00000E+00
PGA,1.61547E-01,2.10500E-03,4.50000E+00,2.15000E+02,0.00000E+00
PGA,1.61547E-01,2.10500E-03,4.50000E+00,2.25000E+02,0.00000E+00
PGA,1.61547E-01,2.10500E-03,4.50000E+00,2.35000E+02,0.00000E+00
PGA,1.61547E-01,2.10500E-03,4.50000E+00,2.45000E+02,0.00000E+00
PGA,1.61547E-01,2.10500E-03,4.50000E+00,2.55000E+02,0.00000E+00
PGA,1.61547E-01,2.10500E-03,4.50000E+00,2.65000E+02,0.00000E+00
PGA,1.61547E-01,2.10500E-03,4.50000E+00,2.75000E+02,0.00000E+00
PGA,1.61547E-01,2.10500E-03,4.50000E+00,2.85000E+02,0.00000E+00
PGA,1.61547E-01,2.10500E-03,4.50000E+00,2.95000E+02,0.00000E+00
PGA,1.61547E-01,2.10500E-03,4.50000E+00,3.05000E+02,0.00000E+00
PGA,1.61547E-01,2.10500E-03,4.50000E+00,3.15000E+02,0.00000E+00
PGA,1.61547E-01,2.10500E-03,4.50000E+00,3.25000E+02,0.00000E+00
PGA,1.61547E-01,2.10500E-03,4.50000E+00,3.35000E+02,0.00000E+00
PGA,1.61547E-01,2.10500E-03,4.50000E+00,3.45000E+02,0.00000E+00
PGA,1.61547E-01,2.10500E-03,4.50000E+00,3.55000E+02,0.00000E+00
PGA,1.61547E-01,2.10500E-03,4.50000E+00,3.65000E+02,0.00000E+00
PGA,1.61547E-01,2.10500E-03,4.50000E+00,3.75000E+02,0.00000E+00
PGA,1.61547E-01,2.10500E-03,4.50000E+00,3.85000E+02,0.00000E+00
PGA,1.61547E-01,2.10500E-03,4.50000E+00,3.95000E+02,0.00000E+00
PGA,1.61547E-01,2.10500E-03,5.50000E+00,5.00000E+00,7.10948E-05
PGA,1.61547E-01,2.10500E-03,5.50000E+00,1.50000E+01,3.44672E-04
PGA,1.61547E-01,2.10500E-03,5.50000E+00,2.50000E+01,1.00454E-04
PGA,1.61547E-01,2.10500E-03,5.50000E+00,3.50000E+01,2.95198E-05
PGA,1.61547E-01,2.10500E-03,5.50000E+00,4.50000E+01,1.00991E-05
PGA,1.61547E-01,2.10500E-03,5.50000E+00,5.50000E+01,4.05491E-06
PGA,1.61547E-01,2.10500E-03,5.50000E+00,6.50000E+01,3.75990E-06
PGA,1.61547E-01,2.10500E-03,5.50000E+00,7.50000E+01,2.09895E-06
PGA,1.61547E-01,2.10500E-03,5.50000E+00,8.50000E+01,1.26555E-06
PGA,1.61547E-01,2.10500E-03,5.50000E+00,9.50000E+01,6.80676E-07
PGA,1.61547E-01,2.10500E-03,5.50000E+00,1.05000E+02,3.38037E-07
PGA,1.61547E-01,2.10500E-03,5.50000E+00,1.15000E+02,4.68411E-07
PGA,1.61547E-01,2.10500E-03,5.50000E+00,1.25000E+02,3.79555E-07
PGA,1.61547E-01,2.10500E-03,5.50000E+00,1.35000E+02,7.19918E-08
PGA,1.61547E-01,2.10500E-03,5.50000E+00,1.45000E+02,9.90938E-08
PGA,1.61547E-01,2.10500E-03,5.50000E+00,1.55000E+02,1.61547E-07
PGA,1.61547E-01,2.10500E-03,5.50000E+00,1.65000E+02,5.30392E-08
PGA,1.61547E-01,2.10500E-03,5.50000E+00,1.75000E+02,6.58533E-08
PGA,1.61547E-01,2.10500E-03,5.50000E+00,1.85000E+02,3.17165E-08
PGA,1.61547E-01,2.10500E-03,5.50000E+00,1.95000E+02,3.73644E-08
PGA,1.61547E-01,2.10500E-03,5.50000E+00,2.05000E+02,4.43732E-08
PGA,1.61547E-01,2.10500E-03,5.50000E+00,2.15000E+02,4.29430E-08
PGA,1.61547E-01,2.10500E-03,5.50000E+00,2.25000E+02,2.46274E-08
PGA,1.61547E-01,2.10500E-03,5.50000E+00,2.35000E+02,7.42200E-09
PGA,1.61547E-01,2.10500E-03,5.50000E+00,2.45000E+02,2.57665E-08
PGA,1.61547E-01,2.10500E-03,5.50000E+00,2.55000E+02,3.24103E-08
PGA,1.61547E-01,2.10500E-03,5.50000E+00,2.65000E+02,6.39215E-09
PGA,1.61547E-01,2.10500E-03,5.50000E+00,2.75000E+02,2.17159E-08
PGA,1.61547E-01,2.10500E-03,5.50000E+00,2.85000E+02,1.62078E-08
PGA,1.61547E-01,2.10500E-03,5.50000E+00,2.95000E+02,1.61638E-08
PGA,1.61547E-01,2.10500E-03,5.50000E+00,3.05000E+02,8.33642E-09
PGA,1.61547E-01,2.10500E-03,5.50000E+00,3.15000E+02,9.96433E-09
PGA,1.61547E-01,2.10500E-03,5.50000E+00,3.25000E+02,9.00659E-09
PGA,1.61547E-01,2.10500E-03,5.50000E+00,3.35000E+02,8.84063E-09
PGA,1.61547E-01,2.10500E-03,5.50000E+00,3.45000E+02,1.30012E-08
PGA,1.61547E-01,2.10500E-03,5.50000E+00,3.55000E+02,5.03420E-09
PGA,1.61547E-01,2.10500E-03,5.50000E+00,3.65000E+02,5.89825E-09
PGA,1.61547E-01,2.10500E-03,5.50000E+00,3.75000E+02,8.73295E-09
PGA,1.61547E-01,2.10500E-03,5.50000E+00,3.85000E+02,6.31248E-09
PGA,1.61547E-01,2.10500E-03,5.50000E+00,3.95000E+02,3.23151E-09
PGA,1.61547E-01,2.10500E-03,6.50000E+00,5.00000E+00,3.45873E-05
PGA,1.61547E-01,2.10500E-03,6.50000E+00,1.50000E+01,1.27308E-04
PGA,1.61547E-01,2.10500E-03,6.50000E+00,2.50000E+01,6.50438E-05
PGA,1.61547E-01,2.10500E-03,6.50000E+00,3.50000E+01,3.60677E-05
PGA,1.61547E-01,2.10500E-03,6.50000E+00,4.50000E+01,1.65956E-05
PGA,1.61547E-01,2.10500E-03,6.50000E+00,5.50000E+01,9.67630E-06
PGA,1.61547E-01,2.10500E-03,6.50000E+00,6.50000E+01,8.73701E-06
PGA,1.61547E-01,2.10500E-03,6.50000E+00,7.50000E+01,6.06130E-06
PGA,1.61547E-01,2.10500E-03,6.50000E+00,8.50000E+01,4.30759E-06
PGA,1.61547E-01,2.10500E-03,6.50000E+00,9.50000E+01,2.83139E-06
PGA,1.61547E-01,2.10500E-03,6.50000E+00,1.05000E+02,1.65343E-06
PGA,1.61547E-01,2.10500E-03,6.50000E+00,1.15000E+02,2.28224E-06
PGA,1.61547E-01,2.10500E-03,6.50000E+00,1.25000E+02,2.50056E-06
PGA,1.61547E-01,2.10500E-03,6.50000E+00,1.35000E+02,6.07220E-07
PGA,1.61547E-01,2.10500E-03,6.50000E+00,1.45000E+02,9.40082E-07
PGA,1.61547E-01,2.10500E-03,6.50000E+00,1.55000E+02,1.52705E-06
PGA,1.61547E-01,2.10500E-03,6.50000E+00,1.65000E+02,7.89896E-07
PGA,1.61547E-01,2.10500E-03,6.50000E+00,1.75000E+02,8.48954E-07
PGA,1.61547E-01,2.10500E-03,6.50000E+00,1.85000E+02,4.77485E-07
PGA,1.61547E-01,2.10500E-03,6.50000E+00,1.95000E+02,6.55953E-07
PGA,1.61547E-01,2.10500E-03,6.50000E+00,2.05000E+02,1.38056E-06
PGA,1.61547E-01,2.10500E-03,6.50000E+00,2.15000E+02,1.70257E-06
PGA,1.61547E-01,2.10500E-03,6.50000E+00,2.25000E+02,6.74719E-07
PGA,1.61547E-01,2.10500E-03,6.50000E+00,2.35000E+02,2.93987E-07
PGA,1.61547E-01,2.10500E-03,6.50000E+00,2.45000E+02,5.53327E-07
PGA,1.61547E-01,2.10500E-03,6.50000E+00,2.55000E+02,1.15578E-06
PGA,1.61547E-01,2.10500E-03,6.50000E+00,2.65000E+02,2.87161E-07
PGA,1.61547E-01,2.10500E-03,6.50000E+00,2.75000E+02,1.18091E-06
PGA,1.61547E-01,2.10500E-03,6.50000E+00,2.85000E+02,6.08834E-07
PGA,1.61547E-01,2.10500E-03,6.50000E+00,2.95000E+02,9.61598E-07
PGA,1.61547E-01,2.10500E-03,6.50000E+00,3.05000E+02,4.55132E-07
PGA,1.61547E-01,2.10500E-03,6.50000E+00,3.15000E+02,1.28362E-06
PGA,1.61547E-01,2.10500E-03,6.50000E+00,3.25000E+02,6.40006E-07
PGA,1.61547E-01,2.10500E-03,6.50000E+00,3.35000E+02,5.11978E-07
PGA,1.61547E-01,2.10500E-03,6.50000E+00,3.45000E+02,1.10372E-06
PGA,1.61547E-01,2.10500E-03,6.50000E+00,3.55000E+02,6.97235E-07
PGA,1.61547E-01,2.10500E-03,6.50000E+00,3.65000E+02,5.91747E-07
PGA,1.61547E-01,2.10500E-03,6.50000E+00,3.75000E+02,1.11037E-06
PGA,1.61547E-01,2.10500E-03,6.50000E+00,3.85000E+02,1.02907E-06
PGA,1.61547E-01,2.10500E-03,6.50000E+00,3.95000E+02,4.73013E-07
PGA,1.61547E-01,2.10500E-03,7.50000E+00,5.00000E+00,7.30325E-06
PGA,1.61547E-01,2.10500E-03,7.50000E+00,1.50000E+01,1.43445E-05
PGA,1.61547E-01,2.10500E-03,7.50000E+00,2.50000E+01,9.82893E-06
PGA,1.61547E-01,2.10500E-03,7.50000E+00,3.50000E+01,1.19789E-05
PGA,1.61547E-01,2.10500E-03,7.50000E+00,4.50000E+01,5.03929E-06
PGA,1.61547E-01,2.10500E-03,7.50000E+00,5.50000E+01,2.47489E-06
PGA,1.61547E-01,2.10500E-03,7.50000E+00,6.50000E+01,2.14688E-06
PGA,1.61547E-01,2.10500E-03,7.50000E+00,7.50000E+01,2.08073E-06
PGA,1.61547E-01,2.10500E-03,7.50000E+00,8.50000E+01,1.62661E-06
PGA,1.61547E-01,2.10500E-03,7.50000E+00,9.50000E+01,1.47600E-06
PGA,1.61547E-01,2.10500E-03,7.50000E+00,1.05000E+02,1.03441E-06
PGA,1.61547E-01,2.10500E-03,7.50000E+00,1.15000E+02,8.96331E-07
PGA,1.61547E-01,2.10500E-03,7.50000E+00,1.25000E+02,2.51439E-06
PGA,1.61547E-01,2.10500E-03,7.50000E+00,1.35000E+02,6.70264E-07
PGA,1.61547E-01,2.10500E-03,7.50000E+00,1.45000E+02,9.94846E-07
PGA,1.61547E-01,2.10500E-03,7.50000E+00,1.55000E+02,2.10898E-06
PGA,1.61547E-01,2.10500E-03,7.50000E+00,1.65000E+02,1.46560E-06
PGA,1.61547E-01,2.10500E-03,7.50000E+00,1.75000E+02,6.96390E-07
PGA,1.61547E-01,2.10500E-03,7.50000E+00,1.85000E+02,2.81395E-06
PGA,1.61547E-01,2.10500E-03,7.50000E+00,1.95000E+02,3.58366E-06
PGA,1.61547E-01,2.10500E-03,7.50000E+00,2.05000E+02,1.12187E-05
PGA,1.61547E-01,2.10500E-03,7.50000E+00,2.15000E+02,1.44985E-05
PGA,1.61547E-01,2.10500E-03,7.50000E+00,2.25000E+02,5.68414E-06
PGA,1.61547E-01,2.10500E-03,7.50000E+00,2.35000E+02,5.45937E-06
PGA,1.61547E-01,2.10500E-03,7.50000E+00,2.45000E+02,4.85193E-06
PGA,1.61547E-01,2.10500E-03,7.50000E+00,2.55000E+02,2.36379E-05
PGA,1.61547E-01,2.10500E-03,7.50000E+00,2.65000E+02,1.74797E-06
PGA,1.61547E-01,2.10500E-03,7.50000E+00,2.75000E+02,3.06464E-05
PGA,1.61547E-01,2.10500E-03,7.50000E+00,2.85000E+02,1.51434E-05
PGA,1.61547E-01,2.10500E-03,7.50000E+00,2.95000E+02,2.37644E-05
PGA,1.61547E-01,2.10500E-03,7.50000E+00,3.05000E+02,4.02054E-06
PGA,1.61547E-01,2.10500E-03,7.50000E+00,3.15000E+02,4.09551E-05
PGA,1.61547E-01,2.10500E-03,7.50000E+00,3.25000E+02,7.64506E-06
PGA,1.61547E-01,2.10500E-03,7.50000E+00,3.35000E+02,1.70062E-05
PGA,1.61547E-01,2.10500E-03,7.50000E+00,3.45000E+02,1.74097E-05
PGA,1.61547E-01,2.10500E-03,7.50000E+00,3.55000E+02,1.57755E-05
PGA,1.61547E-01,2.10500E-03,7.50000E+00,3.65000E+02,1.21937E-05
PGA,1.61547E-01,2.10500E-03,7.50000E+00,3.75000E+02,2.05153E-05
PGA,1.61547E-01,2.10500E-03,7.50000E+00,3.85000E+02,2.49867E-05
PGA,1.61547E-01,2.10500E-03,7.50000E+00,3.95000E+02,1.25178E-05
PGA,1.61547E-01,2.10500E-03,8.50000E+00,5.00000E+00,0.00000E+00
PGA,1.61547E-01,2.10500E-03,8.50000E+00,1.50000E+01,5.03565E-08
PGA,1.61547E-01,2.10500E-03,8.50000E+00,2.50000E+01,0.00000E+00
PGA,1.61547E-01,2.10500E-03,8.50000E+00,3.50000E+01,2.29326E-08
PGA,1.61547E-01,2.10500E-03,8.50000E+00,4.50000E+01,0.00000E+00
PGA,1.61547E-01,2.10500E-03,8.50000E+00,5.50000E+01,4.43640E-10
PGA,1.61547E-01,2.10500E-03,8.50000E+00,6.50000E+01,1.38558E-09
PGA,1.61547E-01,2.10500E-03,8.50000E+00,7.50000E+01,2.01680E-09
PGA,1.61547E-01,2.10500E-03,8.50000E+00,8.50000E+01,2.08337E-09
PGA,1.61547E-01,2.10500E-03,8.50000E+00,9.50000E+01,2.24831E-09
PGA,1.61547E-01,2.10500E-03,8.50000E+00,1.05000E+02,1.79815E-09
PGA,1.61547E-01,2.10500E-03,8.50000E+00,1.15000E+02,1.59615E-09
PGA,1.61547E-01,2.10500E-03,8.50000E+00,1.25000E+02,5.13283E-09
PGA,1.61547E-01,2.10500E-03,8.50000E+00,1.35000E+02,1.36154E-09
PGA,1.61547E-01,2.10500E-03,8.50000E+00,1.45000E+02,2.27941E-09
PGA,1.61547E-01,2.10500E-03,8.50000E+00,1.55000E+02,9.06455E-09
PGA,1.61547E-01,2.10500E-03,8.50000E+00,1.65000E+02,3.90715E-09
PGA,1.61547E-01,2.10500E-03,8.50000E+00,1.75000E+02,9.78822E-09
PGA,1.61547E-01,2.10500E-03,8.50000E+00,1.85000E+02,3.51497E-06
PGA,1.61547E-01,2.10500E-03,8.50000E+00,1.95000E+02,4.13522E-06
PGA,1.61547E-01,2.10500E-03,8.50000E+00,2.05000E+02,8.89453E-06
PGA,1.61547E-01,2.10500E-03,8.50000E+00,2.15000E+02,1.93476E-05
PGA,1.61547E-01,2.10500E-03,8.50000E+00,2.25000E+02,7.48987E-06
PGA,1.61547E-01,2.10500E-03,8.50000E+00,2.35000E+02,9.08227E-06
PGA,1.61547E-01,2.10500E-03,8.50000E+00,2.45000E+02,7.71823E-06
PGA,1.61547E-01,2.10500E-03,8.50000E+00,2.55000E+02,4.56523E-05
PGA,1.61547E-01,2.10500E-03,8.50000E+00,2.65000E+02,6.41750E-07
PGA,1.61547E-01,2.10500E-03,8.50000E+00,2.75000E+02,6.40535E-05
PGA,1.61547E-01,2.10500E-03,8.50000E+00,2.85000E+02,3.81436E-05
PGA,1.61547E-01,2.10500E-03,8.50000E+00,2.95000E+02,4.26176E-05
PGA,1.61547E-01,2.10500E-03,8.50000E+00,3.05000E+02,4.72204E-06
PGA,1.61547E-01,2.10500E-03,8.50000E+00,3.15000E+02,9.02398E-05
PGA,1.61547E-01,2.10500E-03,8.50000E+00,3.25000E+02,1.87267E-05
PGA,1.61547E-01,2.10500E-03,8.50000E+00,3.35000E+02,4.31349E-05
PGA,1.61547E-01,2.10500E-03,8.50000E+00,3.45000E+02,3.99767E-05
PGA,1.61547E-01,2.10500E-03,8.50000E+00,3.55000E+02,3.90894E-05
PGA,1.61547E-01,2.10500E-03,8.50000E+00,3.65000E+02,1.99978E-05
PGA,1.61547E-01,2.10500E-03,8.50000E+00,3.75000E+02,4.50013E-05
PGA,1.61547E-01,2.10500E-03,8.50000E+00,3.85000E+02,5.99241E-05
PGA,1.61547E-01,2.10500E-03,8.50000E+00,3.95000E+02,2.91494E-05
SA(1.0),2.93457E-01,4.04000E-04,4.50000E+00,5.00000E+00,9.27378E-08
SA(1.0),2.93457E-01,4.04000E-04,4.50000E+00,1.50000E+01,4.14759E-09
SA(1.0),2.93457E-01,4.04000E-04,4.50000E+00,2.50000E+01,0.00000E+00
SA(1.0),2.93457E-01,4.04000E-04,4.50000E+00,3.50000E+01,0.00000E+00
SA(1.0),2.93457E-01,4.04000E-04,4.50000E+00,4.50000E+01,0.00000E+00
SA(1.0),2.93457E-01,4.04000E-04,4.50000E+00,5.50000E+01,0.00000E+00
SA(1.0),2.93457E-01,4.04000E-04,4.50000E+00,6.50000E+01,0.00000E+00
SA(1.0),2.93457E-01,4.04000E-04,4.50000E+00,7.50000E+01,0.00000E+00
SA(1.0),2.93457E-01,4.04000E-04,4.50000E+00,8.50000E+01,0.00000E+00
SA(1.0),2.93457E-01,4.04000E-04,4.50000E+00,9.50000E+01,0.00000E+00
SA(1.0),2.93457E-01,4.04000E-04,4.50000E+00,1.05000E+02,0.00000E+00
SA(1.0),2.93457E-01,4.04000E-04,4.50000E+00,1.15000E+02,0.00000E+00
SA(1.0),2.93457E-01,4.04000E-04,4.50000E+00,1.25000E+02,0.00000E+00
SA(1.0),2.93457E-01,4.04000E-04,4.50000E+00,1.35000E+02,0.00000E+00
SA(1.0),2.93457E-01,4.04000E-04,4.50000E+00,1.45000E+02,0.00000E+00
SA(1.0),2.93457E-01,4.04000E-04,4.50000E+00,1.55000E+02,0.00000E+00
SA(1.0),2.93457E-01,4.04000E-04,4.50000E+00,1.65000E+02,0.00000E+00
SA(1.0),2.93457E-01,4.04000E-04,4.50000E+00,1.75000E+02,0.00000E+00
SA(1.0),2.93457E-01,4.04000E-04,4.50000E+00,1.85000E+02,0.00000E+00
SA(1.0),2.93457E-01,4.04000E-04,4.50000E+00,1.95000E+02,0.00000E+00
SA(1.0),2.93457E-01,4.04000E-04,4.50000E+00,2.05000E+02,0.00000E+00
SA(1.0),2.93457E-01,4.04000E-04,4.50000E+00,2.15000E+02,0.00000E+00
SA(1.0),2.93457E-01,4.04000E-04,4.50000E+00,2.25000E+02,0.00000E+00
SA(1.0),2.93457E-01,4.04000E-04,4.50000E+00,2.35000E+02,0.00000E+00
SA(1.0),2.93457E-01,4.04000E-04,4.50000E+00,2.45000E+02,0.00000E+00
SA(1.0),2.93457E-01,4.04000E-04,4.50000E+00,2.55000E+02,0.00000E+00
SA(1.0),2.93457E-01,4.04000E-04,4.50000E+00,2.65000E+02,0.00000E+00
SA(1.0),2.93457E-01,4.04000E-04,4.50000E+00,2.75000E+02,0.00000E+00
SA(1.0),2.93457E-01,4.04000E-04,4.50000E+00,2.85000E+02,0.00000E+00
SA(1.0),2.93457E-01,4.04000E-04,4.50000E+00,2.95000E+02,0.00000E+00
SA(1.0),2.93457E-01,4.04000E-04,4.50000E+00,3.05000E+02,0.00000E+00
SA(1.0),2.93457E-01,4.04000E-04,4.50000E+00,3.15000E+02,0.00000E+00
SA(1.0),2.93457E-01,4.04000E-04,4.50000E+00,3.25000E+02,0.00000E+00
SA(1.0),2.93457E-01,4.04000E-04,4.50000E+00,3.35000E+02,0.00000E+00
SA(1.0),2.93457E-01,4.04000E-04,4.50000E+00,3.45000E+02,0.00000E+00
SA(1.0),2.93457E-01,4.04000E-04,4.50000E+00,3.55000E+02,0.00000E+00
SA(1.0),2.93457E-01,4.04000E-04,4.50000E+00,3.65000E+02,0.00000E+00
SA(1.0),2.93457E-01,4.04000E-04,4.50000E+00,3.75000E+02,0.00000E+00
SA(1.0),2.93457E-01,4.04000E-04,4.50000E+00,3.85000E+02,0.00000E+00
SA(1.0),2.93457E-01,4.04000E-04,4.50000E+00,3.95000E+02,0.00000E+00
SA(1.0),2.93457E-01,4.04000E-04,5.50000E+00,5.00000E+00,5.76256E-06
SA(1.0),2.93457E-01,4.04000E-04,5.50000E+00,1.50000E+01,7.17261E-06
SA(1.0),2.93457E-01,4.04000E-04,5.50000E+00,2.50000E+01,1.12827E-06
SA(1.0),2.93457E-01,4.04000E-04,5.50000E+00,3.50000E+01,2.46565E-07
SA(1.0),2.93457E-01,4.04000E-04,5.50000E+00,4.50000E+01,7.54757E-08
SA(1.0),2.93457E-01,4.04000E-04,5.50000E+00,5.50000E+01,2.85716E-08
SA(1.0),2.93457E-01,4.04000E-04,5.50000E+00,6.50000E+01,2.37467E-08
SA(1.0),2.93457E-01,4.04000E-04,5.50000E+00,7.50000E+01,1.27017E-08
SA(1.0),2.93457E-01,4.04000E-04,5.50000E+00,8.50000E+01,7.50742E-09
SA(1.0),2.93457E-01,4.04000E-04,5.50000E+00,9.50000E+01,4.02379E-09
SA(1.0),2.93457E-01,4.04000E-04,5.50000E+00,1.05000E+02,2.00895E-09
SA(1.0),2.93457E-01,4.04000E-04,5.50000E+00,1.15000E+02,2.91074E-09
SA(1.0),2.93457E-01,4.04000E-04,5.50000E+00,1.25000E+02,2.30980E-09
SA(1.0),2.93457E-01,4.04000E-04,5.50000E+00,1.35000E+02,4.38937E-10
SA(1.0),2.93457E-01,4.04000E-04,5.50000E+00,1.45000E+02,6.32183E-10
SA(1.0),2.93457E-01,4.04000E-04,5.50000E+00,1.55000E+02,1.12950E-09
SA(1.0),2.93457E-01,4.04000E-04,5.50000E+00,1.65000E+02,3.41348E-10
SA(1.0),2.93457E-01,4.04000E-04,5.50000E+00,1.75000E+02,5.49821E-10
SA(1.0),2.93457E-01,4.04000E-04,5.50000E+00,1.85000E+02,2.44186E-10
SA(1.0),2.93457E-01,4.04000E-04,5.50000E+00,1.95000E+02,2.70394E-10
SA(1.0),2.93457E-01,4.04000E-04,5.50000E+00,2.05000E+02,3.66732E-10
SA(1.0),2.93457E-01,4.04000E-04,5.50000E+00,2.15000E+02,3.78876E-10
SA(1.0),2.93457E-01,4.04000E-04,5.50000E+00,2.25000E+02,1.98695E-10
SA(1.0),2.93457E-01,4.04000E-04,5.50000E+00,2.35000E+02,6.80800E-11
SA(1.0),2.93457E-01,4.04000E-04,5.50000E+00,2.45000E+02,2.81146E-10
SA(1.0),2.93457E-01,4.04000E-04,5.50000E+00,2.55000E+02,3.47320E-10
SA(1.0),2.93457E-01,4.04000E-04,5.50000E+00,2.65000E+02,6.25384E-11
SA(1.0),2.93457E-01,4.04000E-04,5.50000E+00,2.75000E+02,2.85900E-10
SA(1.0),2.93457E-01,4.04000E-04,5.50000E+00,2.85000E+02,2.37284E-10
SA(1.0),2.93457E-01,4.04000E-04,5.50000E+00,2.95000E+02,2.73971E-10
SA(1.0),2.93457E-01,4.04000E-04,5.50000E+00,3.05000E+02,1.46629E-10
SA(1.0),2.93457E-01,4.04000E-04,5.50000E+00,3.15000E+02,2.05475E-10
SA(1.0),2.93457E-01,4.04000E-04,5.50000E+00,3.25000E+02,2.08008E-10
SA(1.0),2.93457E-01,4.04000E-04,5.50000E+00,3.35000E+02,2.30158E-10
SA(1.0),2.93457E-01,4.04000E-04,5.50000E+00,3.45000E+02,4.32959E-10
SA(1.0),2.93457E-01,4.04000E-04,5.50000E+00,3.55000E+02,1.88415E-10
SA(1.0),2.93457E-01,4.04000E-04,5.50000E+00,3.65000E+02,2.71545E-10
SA(1.0),2.93457E-01,4.04000E-04,5.50000E+00,3.75000E+02,5.07611E-10
SA(1.0),2.93457E-01,4.04000E-04,5.50000E+00,3.85000E+02,4.24252E-10
SA(1.0),2.93457E-01,4.04000E-04,5.50000E+00,3.95000E+02,2.93462E-10
SA(1.0),2.93457E-01,4.04000E-04,6.50000E+00,5.00000E+00,1.51758E-05
SA(1.0),2.93457E-01,4.04000E-04,6.50000E+00,1.50000E+01,1.99591E-05
SA(1.0),2.93457E-01,4.04000E-04,6.50000E+00,2.50000E+01,5.61568E-06
SA(1.0),2.93457E-01,4.04000E-04,6.50000E+00,3.50000E+01,2.60612E-06
SA(1.0),2.93457E-01,4.04000E-04,6.50000E+00,4.50000E+01,1.02597E-06
SA(1.0),2.93457E-01,4.04000E-04,6.50000E+00,5.50000E+01,5.33995E-07
SA(1.0),2.93457E-01,4.04000E-04,6.50000E+00,6.50000E+01,3.93961E-07
SA(1.0),2.93457E-01,4.04000E-04,6.50000E+00,7.50000E+01,2.49531E-07
SA(1.0),2.93457E-01,4.04000E-04,6.50000E+00,8.50000E+01,1.64481E-07
SA(1.0),2.93457E-01,4.04000E-04,6.50000E+00,9.50000E+01,1.04466E-07
SA(1.0),2.93457E-01,4.04000E-04,6.50000E+00,1.05000E+02,5.95986E-08
SA(1.0),2.93457E-01,4.04000E-04,6.50000E+00,1.15000E+02,7.98523E-08
SA(1.0),2.93457E-01,4.04000E-04,6.50000E+00,1.25000E+02,9.00809E-08
SA(1.0),2.93457E-01,4.04000E-04,6.50000E+00,1.35000E+02,2.39736E-08
SA(1.0),2.93457E-01,4.04000E-04,6.50000E+00,1.45000E+02,3.75356E-08
SA(1.0),2.93457E-01,4.04000E-04,6.50000E+00,1.55000E+02,5.88159E-08
SA(1.0),2.93457E-01,4.04000E-04,6.50000E+00,1.65000E+02,3.42291E-08
SA(1.0),2.93457E-01,4.04000E-04,6.50000E+00,1.75000E+02,3.90986E-08
SA(1.0),2.93457E-01,4.04000E-04,6.50000E+00,1.85000E+02,2.36995E-08
SA(1.0),2.93457E-01,4.04000E-04,6.50000E+00,1.95000E+02,3.28622E-08
SA(1.0),2.93457E-01,4.04000E-04,6.50000E+00,2.05000E+02,7.81237E-08
SA(1.0),2.93457E-01,4.04000E-04,6.50000E+00,2.15000E+02,1.00755E-07
SA(1.0),2.93457E-01,4.04000E-04,6.50000E+00,2.25000E+02,4.24909E-08
SA(1.0),2.93457E-01,4.04000E-04,6.50000E+00,2.35000E+02,2.14190E-08
SA(1.0),2.93457E-01,4.04000E-04,6.50000E+00,2.45000E+02,3.75507E-08
SA(1.0),2.93457E-01,4.04000E-04,6.50000E+00,2.55000E+02,8.56769E-08
SA(1.0),2.93457E-01,4.04000E-04,6.50000E+00,2.65000E+02,2.76746E-08
SA(1.0),2.93457E-01,4.04000E-04,6.50000E+00,2.75000E+02,1.02971E-07
SA(1.0),2.93457E-01,4.04000E-04,6.50000E+00,2.85000E+02,5.57714E-08
SA(1.0),2.93457E-01,4.04000E-04,6.50000E+00,2.95000E+02,1.01752E-07
SA(1.0),2.93457E-01,4.04000E-04,6.50000E+00,3.05000E+02,4.85663E-08
SA(1.0),2.93457E-01,4.04000E-04,6.50000E+00,3.15000E+02,1.48779E-07
SA(1.0),2.93457E-01,4.04000E-04,6.50000E+00,3.25000E+02,8.12184E-08
SA(1.0),2.93457E-01,4.04000E-04,6.50000E+00,3.35000E+02,6.91749E-08
SA(1.0),2.93457E-01,4.04000E-04,6.50000E+00,3.45000E+02,1.59001E-07
SA(1.0),2.93457E-01,4.04000E-04,6.50000E+00,3.55000E+02,1.10572E-07
SA(1.0),2.93457E-01,4.04000E-04,6.50000E+00,3.65000E+02,1.00869E-07
SA(1.0),2.93457E-01,4.04000E-04,6.50000E+00,3.75000E+02,2.09684E-07
SA(1.0),2.93457E-01,4.04000E-04,6.50000E+00,3.85000E+02,2.08088E-07
SA(1.0),2.93457E-01,4.04000E-04,6.50000E+00,3.95000E+02,1.05303E-07
SA(1.0),2.93457E-01,4.04000E-04,7.50000E+00,5.00000E+00,4.54407E-06
SA(1.0),2.93457E-01,4.04000E-04,7.50000E+00,1.50000E+01,7.40243E-06
SA(1.0),2.93457E-01,4.04000E-04,7.50000E+00,2.50000E+01,3.30863E-06
SA(1.0),2.93457E-01,4.04000E-04,7.50000E+00,3.50000E+01,3.25776E-06
SA(1.0),2.93457E-01,4.04000E-04,7.50000E+00,4.50000E+01,1.02074E-06
SA(1.0),2.93457E-01,4.04000E-04,7.50000E+00,5.50000E+01,4.55949E-07
SA(1.0),2.93457E-01,4.04000E-04,7.50000E+00,6.50000E+01,3.58928E-07
SA(1.0),2.93457E-01,4.04000E-04,7.50000E+00,7.50000E+01,3.14979E-07
SA(1.0),2.93457E-01,4.04000E-04,7.50000E+00,8.50000E+01,2.22844E-07
SA(1.0),2.93457E-01,4.04000E-04,7.50000E+00,9.50000E+01,1.91253E-07
SA(1.0),2.93457E-01,4.04000E-04,7.50000E+00,1.05000E+02,1.27331E-07
SA(1.0),2.93457E-01,4.04000E-04,7.50000E+00,1.15000E+02,1.06675E-07
SA(1.0),2.93457E-01,4.04000E-04,7.50000E+00,1.25000E+02,2.92408E-07
SA(1.0),2.93457E-01,4.04000E-04,7.50000E+00,1.35000E+02,7.56157E-08
SA(1.0),2.93457E-01,4.04000E-04,7.50000E+00,1.45000E+02,1.08577E-07
SA(1.0),2.93457E-01,4.04000E-04,7.50000E+00,1.55000E+02,2.36358E-07
SA(1.0),2.93457E-01,4.04000E-04,7.50000E+00,1.65000E+02,1.64885E-07
SA(1.0),2.93457E-01,4.04000E-04,7.50000E+00,1.75000E+02,7.05673E-08
SA(1.0),2.93457E-01,4.04000E-04,7.50000E+00,1.85000E+02,4.90897E-07
SA(1.0),2.93457E-01,4.04000E-04,7.50000E+00,1.95000E+02,5.76926E-07
SA(1.0),2.93457E-01,4.04000E-04,7.50000E+00,2.05000E+02,1.55777E-06
SA(1.0),2.93457E-01,4.04000E-04,7.50000E+00,2.15000E+02,2.79295E-06
SA(1.0),2.93457E-01,4.04000E-04,7.50000E+00,2.25000E+02,9.28292E-07
SA(1.0),2.93457E-01,4.04000E-04,7.50000E+00,2.35000E+02,9.79559E-07
SA(1.0),2.93457E-01,4.04000E-04,7.50000E+00,2.45000E+02,8.47539E-07
SA(1.0),2.93457E-01,4.04000E-04,7.50000E+00,2.55000E+02,4.65416E-06
SA(1.0),2.93457E-01,4.04000E-04,7.50000E+00,2.65000E+02,2.86758E-07
SA(1.0),2.93457E-01,4.04000E-04,7.50000E+00,2.75000E+02,6.43600E-06
SA(1.0),2.93457E-01,4.04000E-04,7.50000E+00,2.85000E+02,3.17731E-06
SA(1.0),2.93457E-01,4.04000E-04,7.50000E+00,2.95000E+02,5.45488E-06
SA(1.0),2.93457E-01,4.04000E-04,7.50000E+00,3.05000E+02,8.97059E-07
SA(1.0),2.93457E-01,4.04000E-04,7.50000E+00,3.15000E+02,9.81231E-06
SA(1.0),2.93457E-01,4.04000E-04,7.50000E+00,3.25000E+02,1.71320E-06
SA(1.0),2.93457E-01,4.04000E-04,7.50000E+00,3.35000E+02,4.17738E-06
SA(1.0),2.93457E-01,4.04000E-04,7.50000E+00,3.45000E+02,4.38862E-06
SA(1.0),2.93457E-01,4.04000E-04,7.50000E+00,3.55000E+02,4.07102E-06
SA(1.0),2.93457E-01,4.04000E-04,7.50000E+00,3.65000E+02,3.24158E-06
SA(1.0),2.93457E-01,4.04000E-04,7.50000E+00,3.75000E+02,5.61371E-06
SA(1.0),2.93457E-01,4.04000E-04,7.50000E+00,3.85000E+02,7.29402E-06
SA(1.0),2.93457E-01,4.04000E-04,7.50000E+00,3.95000E+02,3.73933E-06
SA(1.0),2.93457E-01,4.04000E-04,8.50000E+00,5.00000E+00,0.00000E+00
SA(1.0),2.93457E-01,4.04000E-04,8.50000E+00,1.50000E+01,5.49660E-08
SA(1.0),2.93457E-01,4.04000E-04,8.50000E+00,2.50000E+01,0.00000E+00
SA(1.0),2.93457E-01,4.04000E-04,8.50000E+00,3.50000E+01,1.86789E-08
SA(1.0),2.93457E-01,4.04000E-04,8.50000E+00,4.50000E+01,0.00000E+00
SA(1.0),2.93457E-01,4.04000E-04,8.50000E+00,5.50000E+01,2.41251E-10
SA(1.0),2.93457E-01,4.04000E-04,8.50000E+00,6.50000E+01,7.06747E-10
SA(1.0),2.93457E-01,4.04000E-04,8.50000E+00,7.50000E+01,9.37268E-10
SA(1.0),2.93457E-01,4.04000E-04,8.50000E+00,8.50000E+01,8.92298E-10
SA(1.0),2.93457E-01,4.04000E-04,8.50000E+00,9.50000E+01,8.96341E-10
SA(1.0),2.93457E-01,4.04000E-04,8.50000E+00,1.05000E+02,6.74398E-10
SA(1.0),2.93457E-01,4.04000E-04,8.50000E+00,1.15000E+02,5.68517E-10
SA(1.0),2.93457E-01,4.04000E-04,8.50000E+00,1.25000E+02,1.76809E-09
SA(1.0),2.93457E-01,4.04000E-04,8.50000E+00,1.35000E+02,4.49689E-10
SA(1.0),2.93457E-01,4.04000E-04,8.50000E+00,1.45000E+02,7.13730E-10
SA(1.0),2.93457E-01,4.04000E-04,8.50000E+00,1.55000E+02,2.86094E-09
SA(1.0),2.93457E-01,4.04000E-04,8.50000E+00,1.65000E+02,1.17966E-09
SA(1.0),2.93457E-01,4.04000E-04,8.50000E+00,1.75000E+02,3.13688E-09
SA(1.0),2.93457E-01,4.04000E-04,8.50000E+00,1.85000E+02,1.35075E-06
SA(1.0),2.93457E-01,4.04000E-04,8.50000E+00,1.95000E+02,1.56150E-06
SA(1.0),2.93457E-01,4.04000E-04,8.50000E+00,2.05000E+02,3.28314E-06
SA(1.0),2.93457E-01,4.04000E-04,8.50000E+00,2.15000E+02,7.07085E-06
SA(1.0),2.93457E-01,4.04000E-04,8.50000E+00,2.25000E+02,2.75040E-06
SA(1.0),2.93457E-01,4.04000E-04,8.50000E+00,2.35000E+02,3.34661E-06
SA(1.0),2.93457E-01,4.04000E-04,8.50000E+00,2.45000E+02,2.82648E-06
SA(1.0),2.93457E-01,4.04000E-04,8.50000E+00,2.55000E+02,1.69400E-05
SA(1.0),2.93457E-01,4.04000E-04,8.50000E+00,2.65000E+02,2.24977E-07
SA(1.0),2.93457E-01,4.04000E-04,8.50000E+00,2.75000E+02,2.39027E-05
SA(1.0),2.93457E-01,4.04000E-04,8.50000E+00,2.85000E+02,1.43724E-05
SA(1.0),2.93457E-01,4.04000E-04,8.50000E+00,2.95000E+02,1.64033E-05
SA(1.0),2.93457E-01,4.04000E-04,8.50000E+00,3.05000E+02,1.73923E-06
SA(1.0),2.93457E-01,4.04000E-04,8.50000E+00,3.15000E+02,3.52272E-05
SA(1.0),2.93457E-01,4.04000E-04,8.50000E+00,3.25000E+02,7.28326E-06
SA(1.0),2.93457E-01,4.04000E-04,8.50000E+00,3.35000E+02,1.70996E-05
SA(1.0),2.93457E-01,4.04000E-04,8.50000E+00,3.45000E+02,1.61038E-05
SA(1.0),2.93457E-01,4.04000E-04,8.50000E+00,3.55000E+02,1.58789E-05
SA(1.0),2.93457E-01,4.04000E-04,8.50000E+00,3.65000E+02,8.32284E-06
SA(1.0),2.93457E-01,4.04000E-04,8.50000E+00,3.75000E+02,1.89562E-05
SA(1.0),2.93457E-01,4.04000E-04,8.50000E+00,3.85000E+02,2.58010E-05
SA(1.0),2.93457E-01,4.04000E-04,8.50000E+00,3.95000E+02,1.27923E-05
SA(1.0),1.45801E-01,2.10500E-03,4.50000E+00,5.00000E+00,1.41213E-06
SA(1.0),1.45801E-01,2.10500E-03,4.50000E+00,1.50000E+01,2.41584E-07
SA(1.0),1.45801E-01,2.10500E-03,4.50000E+00,2.50000E+01,9.79532E-09
SA(1.0),1.45801E-01,2.10500E-03,4.50000E+00,3.50000E+01,2.53371E-10
SA(1.0),1.45801E-01,2.10500E-03,4.50000E+00,4.50000E+01,0.00000E+00
SA(1.0),1.45801E-01,2.10500E-03,4.50000E+00,5.50000E+01,0.00000E+00
SA(1.0),1.45801E-01,2.10500E-03,4.50000E+00,6.50000E+01,0.00000E+00
SA(1.0),1.45801E-01,2.10500E-03,4.50000E+00,7.50000E+01,0.00000E+00
SA(1.0),1.45801E-01,2.10500E-03,4.50000E+00,8.50000E+01,0.00000E+00
SA(1.0),1.45801E-01,2.10500E-03,4.50000E+00,9.50000E+01,0.00000E+00
SA(1.0),1.45801E-01,2.10500E-03,4.50000E+00,1.05000E+02,0.00000E+00
SA(1.0),1.45801E-01,2.10500E-03,4.50000E+00,1.15000E+02,0.00000E+00
SA(1.0),1.45801E-01,2.10500E-03,4.50000E+00,1.25000E+02,0.00000E+00
SA(1.0),1.45801E-01,2.10500E-03,4.50000E+00,1.35000E+02,0.00000E+00
SA(1.0),1.45801E-01,2.10500E-03,4.50000E+00,1.45000E+02,0.00000E+00
SA(1.0),1.45801E-01,2.10500E-03,4.50000E+00,1.55000E+02,0.00000E+00
SA(1.0),1.45801E-01,2.10500E-03,4.50000E+00,1.65000E+02,0.00000E+00
SA(1.0),1.45801E-01,2.10500E-03,4.50000E+00,1.75000E+02,0.00000E+00
SA(1.0),1.45801E-01,2.10500E-03,4.50000E+00,1.85000E+02,0.00000E+00
SA(1.0),1.45801E-01,2.10500E-03,4.50000E+00,1.95000E+02,0.00000E+00
SA(1.0),1.45801E-01,2.10500E-03,4.50000E+00,2.05000E+02,0.00000E+00
SA(1.0),1.45801E-01,2.10500E-03,4.50000E+00,2.15000E+02,0.00000E+00
SA(1.0),1.45801E-01,2.10500E-03,4.50000E+00,2.25000E+02,0.00000E+00
SA(1.0),1.45801E-01,2.10500E-03,4.50000E+00,2.35000E+02,0.00000E+00
SA(1.0),1.45801E-01,2.10500E-03,4.50000E+00,2.45000E+02,0.00000E+00
SA(1.0),1.45801E-01,2.10500E-03,4.50000E+00,2.55000E+02,0.00000E+00
SA(1.0),1.45801E-01,2.10500E-03,4.50000E+00,2.65000E+02,0.00000E+00
SA(1.0),1.45801E-01,2.10500E-03,4.50000E+00,2.75000E+02,0.00000E+00
SA(1.0),1.45801E-01,2.10500E-03,4.50000E+00,2.85000E+02,0.00000E+00
SA(1.0),1.45801E-01,2.10500E-03,4.50000E+00,2.95000E+02,0.00000E+00
SA(1.0),1.45801E-01,2.10500E-03,4.50000E+00,3.05000E+02,0.00000E+00
SA(1.0),1.45801E-01,2.10500E-03,4.50000E+00,3.15000E+02,0.00000E+00
SA(1.0),1.45801E-01,2.10500E-03,4.50000E+00,3.25000E+02,0.00000E+00
SA(1.0),1.45801E-01,2.10500E-03,4.50000E+00,3.35000E+02,0.00000E+00
SA(1.0),1.45801E-01,2.10500E-03,4.50000E+00,3.45000E+02,0.00000E+00
SA(1.0),1.45801E-01,2.10500E-03,4.50000E+00,3.55000E+02,0.00000E+00
SA(1.0),1.45801E-01,2.10500E-03,4.50000E+00,3.65000E+02,0.00000E+00
SA(1.0),1.45801E-01,2.10500E-03,4.50000E+00,3.75000E+02,0.00000E+00
SA(1.0),1.45801E-01,2.10500E-03,4.50000E+00,3.85000E+02,0.00000E+00
SA(1.0),1.45801E-01,2.10500E-03,4.50000E+00,3.95000E+02,0.00000E+00
SA(1.0),1.45801E-01,2.10500E-03,5.50000E+00,5.00000E+00,2.13872E-05
SA(1.0),1.45801E-01,2.10500E-03,5.50000E+00,1.50000E+01,6.36667E-05
SA(1.0),1.45801E-01,2.10500E-03,5.50000E+00,2.50000E+01,1.94560E-05
SA(1.0),1.45801E-01,2.10500E-03,5.50000E+00,3.50000E+01,6.60915E-06
SA(1.0),1.45801E-01,2.10500E-03,5.50000E+00,4.50000E+01,2.75310E-06
SA(1.0),1.45801E-01,2.10500E-03,5.50000E+00,5.50000E+01,1.24802E-06
SA(1.0),1.45801E-01,2.10500E-03,5.50000E+00,6.50000E+01,1.01069E-06
SA(1.0),1.45801E-01,2.10500E-03,5.50000E+00,7.50000E+01,6.35464E-07
SA(1.0),1.45801E-01,2.10500E-03,5.50000E+00,8.50000E+01,4.07000E-07
SA(1.0),1.45801E-01,2.10500E-03,5.50000E+00,9.50000E+01,2.51826E-07
SA(1.0),1.45801E-01,2.10500E-03,5.50000E+00,1.05000E+02,1.40480E-07
SA(1.0),1.45801E-01,2.10500E-03,5.50000E+00,1.15000E+02,2.26730E-07
SA(1.0),1.45801E-01,2.10500E-03,5.50000E+00,1.25000E+02,1.96853E-07
SA(1.0),1.45801E-01,2.10500E-03,5.50000E+00,1.35000E+02,4.37546E-08
SA(1.0),1.45801E-01,2.10500E-03,5.50000E+00,1.45000E+02,8.00762E-08
SA(1.0),1.45801E-01,2.10500E-03,5.50000E+00,1.55000E+02,1.33228E-07
SA(1.0),1.45801E-01,2.10500E-03,5.50000E+00,1.65000E+02,5.30135E-08
SA(1.0),1.45801E-01,2.10500E-03,5.50000E+00,1.75000E+02,7.40022E-08
SA(1.0),1.45801E-01,2.10500E-03,5.50000E+00,1.85000E+02,4.68821E-08
SA(1.0),1.45801E-01,2.10500E-03,5.50000E+00,1.95000E+02,5.88103E-08
SA(1.0),1.45801E-01,2.10500E-03,5.50000E+00,2.05000E+02,7.87796E-08
SA(1.0),1.45801E-01,2.10500E-03,5.50000E+00,2.15000E+02,8.61731E-08
SA(1.0),1.45801E-01,2.10500E-03,5.50000E+00,2.25000E+02,6.57081E-08
SA(1.0),1.45801E-01,2.10500E-03,5.50000E+00,2.35000E+02,2.54700E-08
SA(1.0),1.45801E-01,2.10500E-03,5.50000E+00,2.45000E+02,8.09012E-08
SA(1.0),1.45801E-01,2.10500E-03,5.50000E+00,2.55000E+02,1.18127E-07
SA(1.0),1.45801E-01,2.10500E-03,5.50000E+00,2.65000E+02,4.05221E-08
SA(1.0),1.45801E-01,2.10500E-03,5.50000E+00,2.75000E+02,1.11366E-07
SA(1.0),1.45801E-01,2.10500E-03,5.50000E+00,2.85000E+02,9.65021E-08
SA(1.0),1.45801E-01,2.10500E-03,5.50000E+00,2.95000E+02,1.24572E-07
SA(1.0),1.45801E-01,2.10500E-03,5.50000E+00,3.05000E+02,7.02500E-08
SA(1.0),1.45801E-01,2.10500E-03,5.50000E+00,3.15000E+02,9.41475E-08
SA(1.0),1.45801E-01,2.10500E-03,5.50000E+00,3.25000E+02,1.05317E-07
SA(1.0),1.45801E-01,2.10500E-03,5.50000E+00,3.35000E+02,1.13154E-07
SA(1.0),1.45801E-01,2.10500E-03,5.50000E+00,3.45000E+02,1.90908E-07
SA(1.0),1.45801E-01,2.10500E-03,5.50000E+00,3.55000E+02,9.25621E-08
SA(1.0),1.45801E-01,2.10500E-03,5.50000E+00,3.65000E+02,1.18418E-07
SA(1.0),1.45801E-01,2.10500E-03,5.50000E+00,3.75000E+02,2.15719E-07
SA(1.0),1.45801E-01,2.10500E-03,5.50000E+00,3.85000E+02,1.78753E-07
SA(1.0),1.45801E-01,2.10500E-03,5.50000E+00,3.95000E+02,1.12144E-07
SA(1.0),1.45801E-01,2.10500E-03,6.50000E+00,5.00000E+00,3.30928E-05
SA(1.0),1.45801E-01,2.10500E-03,6.50000E+00,1.50000E+01,9.40006E-05
SA(1.0),1.45801E-01,2.10500E-03,6.50000E+00,2.50000E+01,4.84244E-05
SA(1.0),1.45801E-01,2.10500E-03,6.50000E+00,3.50000E+01,3.16908E-05
SA(1.0),1.45801E-01,2.10500E-03,6.50000E+00,4.50000E+01,1.63528E-05
SA(1.0),1.45801E-01,2.10500E-03,6.50000E+00,5.50000E+01,1.00165E-05
SA(1.0),1.45801E-01,2.10500E-03,6.50000E+00,6.50000E+01,7.24235E-06
SA(1.0),1.45801E-01,2.10500E-03,6.50000E+00,7.50000E+01,5.15448E-06
SA(1.0),1.45801E-01,2.10500E-03,6.50000E+00,8.50000E+01,3.61285E-06
SA(1.0),1.45801E-01,2.10500E-03,6.50000E+00,9.50000E+01,2.52893E-06
SA(1.0),1.45801E-01,2.10500E-03,6.50000E+00,1.05000E+02,1.56645E-06
SA(1.0),1.45801E-01,2.10500E-03,6.50000E+00,1.15000E+02,2.27544E-06
SA(1.0),1.45801E-01,2.10500E-03,6.50000E+00,1.25000E+02,2.59422E-06
SA(1.0),1.45801E-01,2.10500E-03,6.50000E+00,1.35000E+02,7.20991E-07
SA(1.0),1.45801E-01,2.10500E-03,6.50000E+00,1.45000E+02,1.23995E-06
SA(1.0),1.45801E-01,2.10500E-03,6.50000E+00,1.55000E+02,1.98802E-06
SA(1.0),1.45801E-01,2.10500E-03,6.50000E+00,1.65000E+02,1.17000E-06
SA(1.0),1.45801E-01,2.10500E-03,6.50000E+00,1.75000E+02,1.33507E-06
SA(1.0),1.45801E-01,2.10500E-03,6.50000E+00,1.85000E+02,9.04458E-07
SA(1.0),1.45801E-01,2.10500E-03,6.50000E+00,1.95000E+02,1.24698E-06
SA(1.0),1.45801E-01,2.10500E-03,6.50000E+00,2.05000E+02,2.65609E-06
SA(1.0),1.45801E-01,2.10500E-03,6.50000E+00,2.15000E+02,3.39944E-06
SA(1.0),1.45801E-01,2.10500E-03,6.50000E+00,2.25000E+02,1.70590E-06
SA(1.0),1.45801E-01,2.10500E-03,6.50000E+00,2.35000E+02,8.49219E-07
SA(1.0),1.45801E-01,2.10500E-03,6.50000E+00,2.45000E+02,1.51960E-06
SA(1.0),1.45801E-01,2.10500E-03,6.50000E+00,2.55000E+02,3.25150E-06
SA(1.0),1.45801E-01,2.10500E-03,6.50000E+00,2.65000E+02,1.24903E-06
SA(1.0),1.45801E-01,2.10500E-03,6.50000E+00,2.75000E+02,3.74457E-06
SA(1.0),1.45801E-01,2.10500E-03,6.50000E+00,2.85000E+02,2.20205E-06
SA(1.0),1.45801E-01,2.10500E-03,6.50000E+00,2.95000E+02,3.82315E-06
SA(1.0),1.45801E-01,2.10500E-03,6.50000E+00,3.05000E+02,1.91020E-06
SA(1.0),1.45801E-01,2.10500E-03,6.50000E+00,3.15000E+02,5.39701E-06
SA(1.0),1.45801E-01,2.10500E-03,6.50000E+00,3.25000E+02,3.22958E-06
SA(1.0),1.45801E-01,2.10500E-03,6.50000E+00,3.35000E+02,2.59146E-06
SA(1.0),1.45801E-01,2.10500E-03,6.50000E+00,3.45000E+02,6.27980E-06
SA(1.0),1.45801E-01,2.10500E-03,6.50000E+00,3.55000E+02,4.26094E-06
SA(1.0),1.45801E-01,2.10500E-03,6.50000E+00,3.65000E+02,3.95661E-06
SA(1.0),1.45801E-01,2.10500E-03,6.50000E+00,3.75000E+02,7.77111E-06
SA(1.0),1.45801E-01,2.10500E-03,6.50000E+00,3.85000E+02,7.74851E-06
SA(1.0),1.45801E-01,2.10500E-03,6.50000E+00,3.95000E+02,3.90534E-06
SA(1.0),1.45801E-01,2.10500E-03,7.50000E+00,5.00000E+00,8.88234E-06
SA(1.0),1.45801E-01,2.10500E-03,7.50000E+00,1.50000E+01,2.07950E-05
SA(1.0),1.45801E-01,2.10500E-03,7.50000E+00,2.50000E+01,1.50481E-05
SA(1.0),1.45801E-01,2.10500E-03,7.50000E+00,3.50000E+01,2.02378E-05
SA(1.0),1.45801E-01,2.10500E-03,7.50000E+00,4.50000E+01,8.67151E-06
SA(1.0),1.45801E-01,2.10500E-03,7.50000E+00,5.50000E+01,4.20861E-06
SA(1.0),1.45801E-01,2.10500E-03,7.50000E+00,6.50000E+01,3.08366E-06
SA(1.0),1.45801E-01,2.10500E-03,7.50000E+00,7.50000E+01,2.79248E-06
SA(1.0),1.45801E-01,2.10500E-03,7.50000E+00,8.50000E+01,1.98932E-06
SA(1.0),1.45801E-01,2.10500E-03,7.50000E+00,9.50000E+01,1.80441E-06
SA(1.0),1.45801E-01,2.10500E-03,7.50000E+00,1.05000E+02,1.26219E-06
SA(1.0),1.45801E-01,2.10500E-03,7.50000E+00,1.15000E+02,1.15993E-06
SA(1.0),1.45801E-01,2.10500E-03,7.50000E+00,1.25000E+02,3.16839E-06
SA(1.0),1.45801E-01,2.10500E-03,7.50000E+00,1.35000E+02,8.56063E-07
SA(1.0),1.45801E-01,2.10500E-03,7.50000E+00,1.45000E+02,1.32075E-06
SA(1.0),1.45801E-01,2.10500E-03,7.50000E+00,1.55000E+02,2.90635E-06
SA(1.0),1.45801E-01,2.10500E-03,7.50000E+00,1.65000E+02,2.11193E-06
SA(1.0),1.45801E-01,2.10500E-03,7.50000E+00,1.75000E+02,1.13961E-06
SA(1.0),1.45801E-01,2.10500E-03,7.50000E+00,1.85000E+02,4.31690E-06
SA(1.0),1.45801E-01,2.10500E-03,7.50000E+00,1.95000E+02,5.63052E-06
SA(1.0),1.45801E-01,2.10500E-03,7.50000E+00,2.05000E+02,1.75934E-05
SA(1.0),1.45801E-01,2.10500E-03,7.50000E+00,2.15000E+02,2.26741E-05
SA(1.0),1.45801E-01,2.10500E-03,7.50000E+00,2.25000E+02,9.60603E-06
SA(1.0),1.45801E-01,2.10500E-03,7.50000E+00,2.35000E+02,9.36598E-06
SA(1.0),1.45801E-01,2.10500E-03,7.50000E+00,2.45000E+02,8.55424E-06
SA(1.0),1.45801E-01,2.10500E-03,7.50000E+00,2.55000E+02,4.06293E-05
SA(1.0),1.45801E-01,2.10500E-03,7.50000E+00,2.65000E+02,4.32802E-06
SA(1.0),1.45801E-01,2.10500E-03,7.50000E+00,2.75000E+02,5.50598E-05
SA(1.0),1.45801E-01,2.10500E-03,7.50000E+00,2.85000E+02,2.85646E-05
SA(1.0),1.45801E-01,2.10500E-03,7.50000E+00,2.95000E+02,4.52752E-05
SA(1.0),1.45801E-01,2.10500E-03,7.50000E+00,3.05000E+02,8.13491E-06
SA(1.0),1.45801E-01,2.10500E-03,7.50000E+00,3.15000E+02,8.02873E-05
SA(1.0),1.45801E-01,2.10500E-03,7.50000E+00,3.25000E+02,1.66530E-05
SA(1.0),1.45801E-01,2.10500E-03,7.50000E+00,3.35000E+02,3.58789E-05
SA(1.0),1.45801E-01,2.10500E-03,7.50000E+00,3.45000E+02,3.76117E-05
SA(1.0),1.45801E-01,2.10500E-03,7.50000E+00,3.55000E+02,3.53703E-05
SA(1.0),1.45801E-01,2.10500E-03,7.50000E+00,3.65000E+02,2.81436E-05
SA(1.0),1.45801E-01,2.10500E-03,7.50000E+00,3.75000E+02,5.10403E-05
SA(1.0),1.45801E-01,2.10500E-03,7.50000E+00,3.85000E+02,6.02791E-05
SA(1.0),1.45801E-01,2.10500E-03,7.50000E+00,3.95000E+02,3.18203E-05
SA(1.0),1.45801E-01,2.10500E-03,8.50000E+00,5.00000E+00,0.00000E+00
SA(1.0),1.45801E-01,2.10500E-03,8.50000E+00,1.50000E+01,8.88951E-08
SA(1.0),1.45801E-01,2.10500E-03,8.50000E+00,2.50000E+01,0.00000E+00
SA(1.0),1.45801E-01,2.10500E-03,8.50000E+00,3.50000E+01,4.84635E-08
SA(1.0),1.45801E-01,2.10500E-03,8.50000E+00,4.50000E+01,0.00000E+00
SA(1.0),1.45801E-01,2.10500E-03,8.50000E+00,5.50000E+01,6.40548E-10
SA(1.0),1.45801E-01,2.10500E-03,8.50000E+00,6.50000E+01,2.00444E-09
SA(1.0),1.45801E-01,2.10500E-03,8.50000E+00,7.50000E+01,2.91970E-09
SA(1.0),1.45801E-01,2.10500E-03,8.50000E+00,8.50000E+01,3.01297E-09
SA(1.0),1.45801E-01,2.10500E-03,8.50000E+00,9.50000E+01,3.24614E-09
SA(1.0),1.45801E-01,2.10500E-03,8.50000E+00,1.05000E+02,2.59234E-09
SA(1.0),1.45801E-01,2.10500E-03,8.50000E+00,1.15000E+02,2.29906E-09
SA(1.0),1.45801E-01,2.10500E-03,8.50000E+00,1.25000E+02,7.39169E-09
SA(1.0),1.45801E-01,2.10500E-03,8.50000E+00,1.35000E+02,1.96200E-09
SA(1.0),1.45801E-01,2.10500E-03,8.50000E+00,1.45000E+02,3.29537E-09
SA(1.0),1.45801E-01,2.10500E-03,8.50000E+00,1.55000E+02,1.60994E-08
SA(1.0),1.45801E-01,2.10500E-03,8.50000E+00,1.65000E+02,5.68059E-09
SA(1.0),1.45801E-01,2.10500E-03,8.50000E+00,1.75000E+02,2.19192E-08
SA(1.0),1.45801E-01,2.10500E-03,8.50000E+00,1.85000E+02,4.76973E-06
SA(1.0),1.45801E-01,2.10500E-03,8.50000E+00,1.95000E+02,5.66390E-06
SA(1.0),1.45801E-01,2.10500E-03,8.50000E+00,2.05000E+02,1.22105E-05
SA(1.0),1.45801E-01,2.10500E-03,8.50000E+00,2.15000E+02,2.65242E-05
SA(1.0),1.45801E-01,2.10500E-03,8.50000E+00,2.25000E+02,1.04112E-05
SA(1.0),1.45801E-01,2.10500E-03,8.50000E+00,2.35000E+02,1.26199E-05
SA(1.0),1.45801E-01,2.10500E-03,8.50000E+00,2.45000E+02,1.08064E-05
SA(1.0),1.45801E-01,2.10500E-03,8.50000E+00,2.55000E+02,6.30841E-05
SA(1.0),1.45801E-01,2.10500E-03,8.50000E+00,2.65000E+02,1.31382E-06
SA(1.0),1.45801E-01,2.10500E-03,8.50000E+00,2.75000E+02,8.95248E-05
SA(1.0),1.45801E-01,2.10500E-03,8.50000E+00,2.85000E+02,5.41134E-05
SA(1.0),1.45801E-01,2.10500E-03,8.50000E+00,2.95000E+02,5.94893E-05
SA(1.0),1.45801E-01,2.10500E-03,8.50000E+00,3.05000E+02,6.84091E-06
SA(1.0),1.45801E-01,2.10500E-03,8.50000E+00,3.15000E+02,1.28096E-04
SA(1.0),1.45801E-01,2.10500E-03,8.50000E+00,3.25000E+02,2.74400E-05
SA(1.0),1.45801E-01,2.10500E-03,8.50000E+00,3.35000E+02,6.32874E-05
SA(1.0),1.45801E-01,2.10500E-03,8.50000E+00,3.45000E+02,5.82340E-05
SA(1.0),1.45801E-01,2.10500E-03,8.50000E+00,3.55000E+02,5.85012E-05
SA(1.0),1.45801E-01,2.10500E-03,8.50000E+00,3.65000E+02,2.92716E-05
SA(1.0),1.45801E-01,2.10500E-03,8.50000E+00,3.75000E+02,6.86358E-05
SA(1.0),1.45801E-01,2.10500E-03,8.50000E+00,3.85000E+02,9.03747E-05
SA(1.0),1.45801E-01,2.10500E-03,8.50000E+00,3.95000E+02,4.52122E-05
