lon,lat,mean
-9.7179,38.6000,0.1335
-9.7179,38.7000,0.1315
-9.7179,38.8000,0.1300
-9.7179,38.9000,0.1274
-9.7179,39.0000,0.1244
-9.6179,38.5000,0.1368
-9.6179,38.6000,0.1344
-9.6179,38.7000,0.1320
-9.6179,38.8000,0.1297
-9.6179,38.9000,0.1270
-9.6179,39.0000,0.1230
-9.6179,39.1000,0.1163
-9.6179,39.2000,0.1112
-9.6179,39.3000,0.1084
-9.6179,39.4000,0.1049
-9.6179,39.5000,0.1031
-9.5179,38.5000,0.1374
-9.5179,38.6000,0.1357
-9.5179,38.7000,0.1331
-9.5179,38.8000,0.1313
-9.5179,38.9000,0.1286
-9.5179,39.0000,0.1240
-9.5179,39.1000,0.1155
-9.5179,39.2000,0.1090
-9.5179,39.3000,0.1052
-9.5179,39.4000,0.1015
-9.5179,39.5000,0.0979
-9.5179,39.6000,0.0944
-9.4179,38.2000,0.1361
-9.4179,38.3000,0.1384
-9.4179,38.4000,0.1394
-9.4179,38.5000,0.1387
-9.4179,38.6000,0.1378
-9.4179,38.7000,0.1359
-9.4179,38.8000,0.1345
-9.4179,38.9000,0.1318
-9.4179,39.0000,0.1271
-9.4179,39.1000,0.1182
-9.4179,39.2000,0.1119
-9.4179,39.3000,0.1076
-9.4179,39.4000,0.1034
-9.4179,39.5000,0.0975
-9.4179,39.6000,0.0915
-9.3179,38.2000,0.1349
-9.3179,38.3000,0.1389
-9.3179,38.4000,0.1404
-9.3179,38.5000,0.1408
-9.3179,38.6000,0.1409
-9.3179,38.7000,0.1397
-9.3179,38.8000,0.1392
-9.3179,38.9000,0.1369
-9.3179,39.0000,0.1326
-9.3179,39.1000,0.1242
-9.3179,39.2000,0.1181
-9.3179,39.3000,0.1132
-9.3179,39.4000,0.1080
-9.3179,39.5000,0.0999
-9.3179,39.6000,0.0917
-9.3179,39.7000,0.0861
-9.3179,39.8000,0.0823
-9.2179,36.9000,0.2177
-9.2179,37.0000,0.1931
-9.2179,37.1000,0.1807
-9.2179,37.2000,0.1692
-9.2179,38.2000,0.1338
-9.2179,38.3000,0.1388
-9.2179,38.4000,0.1407
-9.2179,38.5000,0.1422
-9.2179,38.6000,0.1424
-9.2179,38.7000,0.1425
-9.2179,38.8000,0.1424
-9.2179,38.9000,0.1411
-9.2179,39.0000,0.1372
-9.2179,39.1000,0.1291
-9.2179,39.2000,0.1228
-9.2179,39.3000,0.1177
-9.2179,39.4000,0.1116
-9.2179,39.5000,0.1021
-9.2179,39.6000,0.0927
-9.2179,39.7000,0.0865
-9.2179,39.8000,0.0824
-9.2179,39.9000,0.0784
-9.2179,40.0000,0.0748
-9.1179,36.9000,0.2050
-9.1179,37.0000,0.1895
-9.1179,37.1000,0.1761
-9.1179,37.2000,0.1667
-9.1179,37.3000,0.1563
-9.1179,37.4000,0.1472
-9.1179,37.8000,0.1223
-9.1179,37.9000,0.1210
-9.1179,38.0000,0.1219
-9.1179,38.1000,0.1250
-9.1179,38.2000,0.1329
-9.1179,38.3000,0.1381
-9.1179,38.4000,0.1405
-9.1179,38.5000,0.1424
-9.1179,38.6000,0.1433
-9.1179,38.7000,0.1442
-9.1179,38.8000,0.1450
-9.1179,38.9000,0.1443
-9.1179,39.0000,0.1405
-9.1179,39.1000,0.1327
-9.1179,39.2000,0.1258
-9.1179,39.3000,0.1209
-9.1179,39.4000,0.1144
-9.1179,39.5000,0.1044
-9.1179,39.6000,0.0937
-9.1179,39.7000,0.0873
-9.1179,39.8000,0.0829
-9.1179,39.9000,0.0787
-9.1179,40.0000,0.0751
-9.1179,40.1000,0.0721
-9.1179,40.2000,0.0702
-9.1179,40.3000,0.0686
-9.1179,40.4000,0.0670
-9.1179,41.6000,0.0512
-9.1179,41.7000,0.0501
-9.1179,41.8000,0.0492
-9.1179,41.9000,0.0484
-9.1179,42.0000,0.0477
-9.1179,42.1000,0.0470
-9.1179,42.2000,0.0464
-9.0179,36.9000,0.1965
-9.0179,37.0000,0.1843
-9.0179,37.1000,0.1735
-9.0179,37.2000,0.1650
-9.0179,37.3000,0.1549
-9.0179,37.4000,0.1462
-9.0179,37.5000,0.1355
-9.0179,37.6000,0.1280
-9.0179,37.7000,0.1232
-9.0179,37.8000,0.1205
-9.0179,37.9000,0.1191
-9.0179,38.0000,0.1201
-9.0179,38.1000,0.1236
-9.0179,38.2000,0.1312
-9.0179,38.3000,0.1368
-9.0179,38.4000,0.1395
-9.0179,38.5000,0.1410
-9.0179,38.6000,0.1427
-9.0179,38.7000,0.1447
-9.0179,38.8000,0.1458
-9.0179,38.9000,0.1462
-9.0179,39.0000,0.1432
-9.0179,39.1000,0.1354
-9.0179,39.2000,0.1280
-9.0179,39.3000,0.1234
-9.0179,39.4000,0.1168
-9.0179,39.5000,0.1063
-9.0179,39.6000,0.0952
-9.0179,39.7000,0.0886
-9.0179,39.8000,0.0840
-9.0179,39.9000,0.0795
-9.0179,40.0000,0.0757
-9.0179,40.1000,0.0728
-9.0179,40.2000,0.0705
-9.0179,40.3000,0.0688
-9.0179,40.4000,0.0671
-9.0179,40.5000,0.0651
-9.0179,40.6000,0.0636
-9.0179,40.7000,0.0623
-9.0179,41.2000,0.0566
-9.0179,41.3000,0.0549
-9.0179,41.4000,0.0535
-9.0179,41.5000,0.0523
-9.0179,41.6000,0.0511
-9.0179,41.7000,0.0500
-9.0179,41.8000,0.0491
-9.0179,41.9000,0.0485
-9.0179,42.0000,0.0478
-9.0179,42.1000,0.0471
-9.0179,42.2000,0.0466
-8.9179,36.9000,0.1913
-8.9179,37.0000,0.1820
-8.9179,37.1000,0.1723
-8.9179,37.2000,0.1644
-8.9179,37.3000,0.1551
-8.9179,37.4000,0.1460
-8.9179,37.5000,0.1354
-8.9179,37.6000,0.1273
-8.9179,37.7000,0.1217
-8.9179,37.8000,0.1195
-8.9179,37.9000,0.1174
-8.9179,38.0000,0.1180
-8.9179,38.1000,0.1209
-8.9179,38.2000,0.1286
-8.9179,38.3000,0.1336
-8.9179,38.4000,0.1366
-8.9179,38.5000,0.1385
-8.9179,38.6000,0.1408
-8.9179,38.7000,0.1430
-8.9179,38.8000,0.1452
-8.9179,38.9000,0.1462
-8.9179,39.0000,0.1447
-8.9179,39.1000,0.1376
-8.9179,39.2000,0.1304
-8.9179,39.3000,0.1254
-8.9179,39.4000,0.1190
-8.9179,39.5000,0.1083
-8.9179,39.6000,0.0972
-8.9179,39.7000,0.0902
-8.9179,39.8000,0.0853
-8.9179,39.9000,0.0805
-8.9179,40.0000,0.0765
-8.9179,40.1000,0.0734
-8.9179,40.2000,0.0710
-8.9179,40.3000,0.0693
-8.9179,40.4000,0.0675
-8.9179,40.5000,0.0655
-8.9179,40.6000,0.0639
-8.9179,40.7000,0.0626
-8.9179,40.8000,0.0612
-8.9179,40.9000,0.0597
-8.9179,41.0000,0.0586
-8.9179,41.1000,0.0576
-8.9179,41.2000,0.0563
-8.9179,41.3000,0.0547
-8.9179,41.4000,0.0534
-8.9179,41.5000,0.0522
-8.9179,41.6000,0.0511
-8.9179,41.7000,0.0500
-8.9179,41.8000,0.0492
-8.9179,41.9000,0.0485
-8.9179,42.0000,0.0479
-8.9179,42.1000,0.0473
-8.9179,42.2000,0.0469
-8.8179,36.9000,0.1916
-8.8179,37.0000,0.1819
-8.8179,37.1000,0.1729
-8.8179,37.2000,0.1656
-8.8179,37.3000,0.1564
-8.8179,37.4000,0.1477
-8.8179,37.5000,0.1358
-8.8179,37.6000,0.1267
-8.8179,37.7000,0.1211
-8.8179,37.8000,0.1178
-8.8179,37.9000,0.1150
-8.8179,38.0000,0.1145
-8.8179,38.1000,0.1174
-8.8179,38.2000,0.1242
-8.8179,38.3000,0.1284
-8.8179,38.4000,0.1308
-8.8179,38.5000,0.1330
-8.8179,38.6000,0.1366
-8.8179,38.7000,0.1401
-8.8179,38.8000,0.1425
-8.8179,38.9000,0.1441
-8.8179,39.0000,0.1440
-8.8179,39.1000,0.1396
-8.8179,39.2000,0.1336
-8.8179,39.3000,0.1283
-8.8179,39.4000,0.1217
-8.8179,39.5000,0.1110
-8.8179,39.6000,0.0994
-8.8179,39.7000,0.0923
-8.8179,39.8000,0.0873
-8.8179,39.9000,0.0823
-8.8179,40.0000,0.0776
-8.8179,40.1000,0.0742
-8.8179,40.2000,0.0720
-8.8179,40.3000,0.0700
-8.8179,40.4000,0.0683
-8.8179,40.5000,0.0661
-8.8179,40.6000,0.0643
-8.8179,40.7000,0.0630
-8.8179,40.8000,0.0616
-8.8179,40.9000,0.0599
-8.8179,41.0000,0.0586
-8.8179,41.1000,0.0575
-8.8179,41.2000,0.0563
-8.8179,41.3000,0.0547
-8.8179,41.4000,0.0533
-8.8179,41.5000,0.0522
-8.8179,41.6000,0.0512
-8.8179,41.7000,0.0503
-8.8179,41.8000,0.0495
-8.8179,41.9000,0.0487
-8.8179,42.0000,0.0482
-8.8179,42.1000,0.0477
-8.8179,42.2000,0.0473
-8.7179,36.9000,0.1905
-8.7179,37.0000,0.1810
-8.7179,37.1000,0.1726
-8.7179,37.2000,0.1656
-8.7179,37.3000,0.1568
-8.7179,37.4000,0.1477
-8.7179,37.5000,0.1353
-8.7179,37.6000,0.1261
-8.7179,37.7000,0.1202
-8.7179,37.8000,0.1152
-8.7179,37.9000,0.1118
-8.7179,38.0000,0.1110
-8.7179,38.1000,0.1139
-8.7179,38.2000,0.1202
-8.7179,38.3000,0.1239
-8.7179,38.4000,0.1256
-8.7179,38.5000,0.1283
-8.7179,38.6000,0.1326
-8.7179,38.7000,0.1363
-8.7179,38.8000,0.1391
-8.7179,38.9000,0.1413
-8.7179,39.0000,0.1418
-8.7179,39.1000,0.1398
-8.7179,39.2000,0.1357
-8.7179,39.3000,0.1303
-8.7179,39.4000,0.1235
-8.7179,39.5000,0.1129
-8.7179,39.6000,0.1007
-8.7179,39.7000,0.0938
-8.7179,39.8000,0.0888
-8.7179,39.9000,0.0835
-8.7179,40.0000,0.0784
-8.7179,40.1000,0.0749
-8.7179,40.2000,0.0726
-8.7179,40.3000,0.0705
-8.7179,40.4000,0.0689
-8.7179,40.5000,0.0666
-8.7179,40.6000,0.0649
-8.7179,40.7000,0.0634
-8.7179,40.8000,0.0619
-8.7179,40.9000,0.0602
-8.7179,41.0000,0.0588
-8.7179,41.1000,0.0576
-8.7179,41.2000,0.0562
-8.7179,41.3000,0.0547
-8.7179,41.4000,0.0533
-8.7179,41.5000,0.0523
-8.7179,41.6000,0.0513
-8.7179,41.7000,0.0505
-8.7179,41.8000,0.0497
-8.7179,41.9000,0.0490
-8.7179,42.0000,0.0485
-8.7179,42.1000,0.0480
-8.7179,42.2000,0.0475
-8.6179,36.9000,0.1899
-8.6179,37.0000,0.1803
-8.6179,37.1000,0.1720
-8.6179,37.2000,0.1655
-8.6179,37.3000,0.1563
-8.6179,37.4000,0.1471
-8.6179,37.5000,0.1344
-8.6179,37.6000,0.1255
-8.6179,37.7000,0.1191
-8.6179,37.8000,0.1132
-8.6179,37.9000,0.1089
-8.6179,38.0000,0.1084
-8.6179,38.1000,0.1113
-8.6179,38.2000,0.1168
-8.6179,38.3000,0.1203
-8.6179,38.4000,0.1222
-8.6179,38.5000,0.1248
-8.6179,38.6000,0.1289
-8.6179,38.7000,0.1330
-8.6179,38.8000,0.1361
-8.6179,38.9000,0.1386
-8.6179,39.0000,0.1388
-8.6179,39.1000,0.1374
-8.6179,39.2000,0.1347
-8.6179,39.3000,0.1304
-8.6179,39.4000,0.1240
-8.6179,39.5000,0.1126
-8.6179,39.6000,0.1007
-8.6179,39.7000,0.0940
-8.6179,39.8000,0.0888
-8.6179,39.9000,0.0839
-8.6179,40.0000,0.0787
-8.6179,40.1000,0.0753
-8.6179,40.2000,0.0731
-8.6179,40.3000,0.0709
-8.6179,40.4000,0.0692
-8.6179,40.5000,0.0670
-8.6179,40.6000,0.0652
-8.6179,40.7000,0.0637
-8.6179,40.8000,0.0620
-8.6179,40.9000,0.0603
-8.6179,41.0000,0.0589
-8.6179,41.1000,0.0576
-8.6179,41.2000,0.0562
-8.6179,41.3000,0.0547
-8.6179,41.4000,0.0534
-8.6179,41.5000,0.0524
-8.6179,41.6000,0.0515
-8.6179,41.7000,0.0506
-8.6179,41.8000,0.0498
-8.6179,41.9000,0.0493
-8.6179,42.0000,0.0487
-8.6179,42.1000,0.0482
-8.6179,42.2000,0.0476
-8.5179,36.9000,0.1902
-8.5179,37.0000,0.1801
-8.5179,37.1000,0.1719
-8.5179,37.2000,0.1650
-8.5179,37.3000,0.1555
-8.5179,37.4000,0.1460
-8.5179,37.5000,0.1336
-8.5179,37.6000,0.1246
-8.5179,37.7000,0.1177
-8.5179,37.8000,0.1111
-8.5179,37.9000,0.1074
-8.5179,38.0000,0.1065
-8.5179,38.1000,0.1089
-8.5179,38.2000,0.1136
-8.5179,38.3000,0.1167
-8.5179,38.4000,0.1190
-8.5179,38.5000,0.1213
-8.5179,38.6000,0.1249
-8.5179,38.7000,0.1295
-8.5179,38.8000,0.1319
-8.5179,38.9000,0.1336
-8.5179,39.0000,0.1337
-8.5179,39.1000,0.1328
-8.5179,39.2000,0.1304
-8.5179,39.3000,0.1279
-8.5179,39.4000,0.1219
-8.5179,39.5000,0.1100
-8.5179,39.6000,0.0993
-8.5179,39.7000,0.0930
-8.5179,39.8000,0.0883
-8.5179,39.9000,0.0836
-8.5179,40.0000,0.0785
-8.5179,40.1000,0.0752
-8.5179,40.2000,0.0730
-8.5179,40.3000,0.0709
-8.5179,40.4000,0.0693
-8.5179,40.5000,0.0671
-8.5179,40.6000,0.0653
-8.5179,40.7000,0.0638
-8.5179,40.8000,0.0620
-8.5179,40.9000,0.0602
-8.5179,41.0000,0.0588
-8.5179,41.1000,0.0575
-8.5179,41.2000,0.0561
-8.5179,41.3000,0.0545
-8.5179,41.4000,0.0534
-8.5179,41.5000,0.0524
-8.5179,41.6000,0.0515
-8.5179,41.7000,0.0506
-8.5179,41.8000,0.0499
-8.5179,41.9000,0.0494
-8.5179,42.0000,0.0489
-8.5179,42.1000,0.0483
-8.5179,42.2000,0.0477
-8.4179,36.9000,0.1919
-8.4179,37.0000,0.1807
-8.4179,37.1000,0.1720
-8.4179,37.2000,0.1646
-8.4179,37.3000,0.1551
-8.4179,37.4000,0.1451
-8.4179,37.5000,0.1323
-8.4179,37.6000,0.1230
-8.4179,37.7000,0.1162
-8.4179,37.8000,0.1097
-8.4179,37.9000,0.1056
-8.4179,38.0000,0.1048
-8.4179,38.1000,0.1052
-8.4179,38.2000,0.1100
-8.4179,38.3000,0.1133
-8.4179,38.4000,0.1152
-8.4179,38.5000,0.1171
-8.4179,38.6000,0.1203
-8.4179,38.7000,0.1242
-8.4179,38.8000,0.1249
-8.4179,38.9000,0.1263
-8.4179,39.0000,0.1274
-8.4179,39.1000,0.1263
-8.4179,39.2000,0.1237
-8.4179,39.3000,0.1217
-8.4179,39.4000,0.1175
-8.4179,39.5000,0.1059
-8.4179,39.6000,0.0964
-8.4179,39.7000,0.0904
-8.4179,39.8000,0.0864
-8.4179,39.9000,0.0823
-8.4179,40.0000,0.0776
-8.4179,40.1000,0.0744
-8.4179,40.2000,0.0723
-8.4179,40.3000,0.0704
-8.4179,40.4000,0.0688
-8.4179,40.5000,0.0667
-8.4179,40.6000,0.0649
-8.4179,40.7000,0.0634
-8.4179,40.8000,0.0618
-8.4179,40.9000,0.0599
-8.4179,41.0000,0.0584
-8.4179,41.1000,0.0570
-8.4179,41.2000,0.0557
-8.4179,41.3000,0.0543
-8.4179,41.4000,0.0532
-8.4179,41.5000,0.0522
-8.4179,41.6000,0.0513
-8.4179,41.7000,0.0505
-8.4179,41.8000,0.0500
-8.4179,41.9000,0.0494
-8.4179,42.0000,0.0489
-8.4179,42.1000,0.0484
-8.4179,42.2000,0.0479
-8.3179,36.9000,0.1957
-8.3179,37.0000,0.1828
-8.3179,37.1000,0.1731
-8.3179,37.2000,0.1653
-8.3179,37.3000,0.1547
-8.3179,37.4000,0.1442
-8.3179,37.5000,0.1308
-8.3179,37.6000,0.1213
-8.3179,37.7000,0.1142
-8.3179,37.8000,0.1082
-8.3179,37.9000,0.1040
-8.3179,38.0000,0.1018
-8.3179,38.1000,0.1016
-8.3179,38.2000,0.1055
-8.3179,38.3000,0.1081
-8.3179,38.4000,0.1098
-8.3179,38.5000,0.1103
-8.3179,38.6000,0.1128
-8.3179,38.7000,0.1149
-8.3179,38.8000,0.1157
-8.3179,38.9000,0.1161
-8.3179,39.0000,0.1168
-8.3179,39.1000,0.1160
-8.3179,39.2000,0.1133
-8.3179,39.3000,0.1118
-8.3179,39.4000,0.1093
-8.3179,39.5000,0.0993
-8.3179,39.6000,0.0913
-8.3179,39.7000,0.0865
-8.3179,39.8000,0.0831
-8.3179,39.9000,0.0795
-8.3179,40.0000,0.0760
-8.3179,40.1000,0.0730
-8.3179,40.2000,0.0710
-8.3179,40.3000,0.0693
-8.3179,40.4000,0.0678
-8.3179,40.5000,0.0657
-8.3179,40.6000,0.0640
-8.3179,40.7000,0.0626
-8.3179,40.8000,0.0610
-8.3179,40.9000,0.0592
-8.3179,41.0000,0.0576
-8.3179,41.1000,0.0563
-8.3179,41.2000,0.0551
-8.3179,41.3000,0.0539
-8.3179,41.4000,0.0528
-8.3179,41.5000,0.0518
-8.3179,41.6000,0.0511
-8.3179,41.7000,0.0504
-8.3179,41.8000,0.0499
-8.3179,41.9000,0.0494
-8.3179,42.0000,0.0489
-8.3179,42.1000,0.0485
-8.3179,42.2000,0.0481
-8.2179,36.9000,0.2024
-8.2179,37.0000,0.1862
-8.2179,37.1000,0.1749
-8.2179,37.2000,0.1659
-8.2179,37.3000,0.1546
-8.2179,37.4000,0.1436
-8.2179,37.5000,0.1294
-8.2179,37.6000,0.1193
-8.2179,37.7000,0.1128
-8.2179,37.8000,0.1069
-8.2179,37.9000,0.1013
-8.2179,38.0000,0.0981
-8.2179,38.1000,0.0978
-8.2179,38.2000,0.0995
-8.2179,38.3000,0.1010
-8.2179,38.4000,0.1013
-8.2179,38.5000,0.1016
-8.2179,38.6000,0.1026
-8.2179,38.7000,0.1028
-8.2179,38.8000,0.1036
-8.2179,38.9000,0.1035
-8.2179,39.0000,0.1035
-8.2179,39.1000,0.1025
-8.2179,39.2000,0.1008
-8.2179,39.3000,0.0991
-8.2179,39.4000,0.0963
-8.2179,39.5000,0.0910
-8.2179,39.6000,0.0856
-8.2179,39.7000,0.0819
-8.2179,39.8000,0.0791
-8.2179,39.9000,0.0761
-8.2179,40.0000,0.0732
-8.2179,40.1000,0.0709
-8.2179,40.2000,0.0692
-8.2179,40.3000,0.0676
-8.2179,40.4000,0.0662
-8.2179,40.5000,0.0644
-8.2179,40.6000,0.0628
-8.2179,40.7000,0.0614
-8.2179,40.8000,0.0599
-8.2179,40.9000,0.0582
-8.2179,41.0000,0.0566
-8.2179,41.1000,0.0554
-8.2179,41.2000,0.0543
-8.2179,41.3000,0.0533
-8.2179,41.4000,0.0522
-8.2179,41.5000,0.0513
-8.2179,41.6000,0.0507
-8.2179,41.7000,0.0501
-8.2179,41.8000,0.0498
-8.2179,41.9000,0.0493
-8.2179,42.0000,0.0489
-8.2179,42.1000,0.0485
-8.2179,42.2000,0.0481
-8.1179,36.9000,0.2048
-8.1179,37.0000,0.1841
-8.1179,37.1000,0.1748
-8.1179,37.2000,0.1657
-8.1179,37.3000,0.1539
-8.1179,37.4000,0.1420
-8.1179,37.5000,0.1272
-8.1179,37.6000,0.1183
-8.1179,37.7000,0.1114
-8.1179,37.8000,0.1046
-8.1179,37.9000,0.0979
-8.1179,38.0000,0.0958
-8.1179,38.1000,0.0949
-8.1179,38.2000,0.0948
-8.1179,38.3000,0.0943
-8.1179,38.4000,0.0945
-8.1179,38.5000,0.0952
-8.1179,38.6000,0.0956
-8.1179,38.7000,0.0952
-8.1179,38.8000,0.0948
-8.1179,38.9000,0.0950
-8.1179,39.0000,0.0949
-8.1179,39.1000,0.0937
-8.1179,39.2000,0.0920
-8.1179,39.3000,0.0904
-8.1179,39.4000,0.0878
-8.1179,39.5000,0.0847
-8.1179,39.6000,0.0811
-8.1179,39.7000,0.0782
-8.1179,39.8000,0.0759
-8.1179,39.9000,0.0733
-8.1179,40.0000,0.0708
-8.1179,40.1000,0.0689
-8.1179,40.2000,0.0675
-8.1179,40.3000,0.0661
-8.1179,40.4000,0.0648
-8.1179,40.5000,0.0631
-8.1179,40.6000,0.0616
-8.1179,40.7000,0.0602
-8.1179,40.8000,0.0588
-8.1179,40.9000,0.0571
-8.1179,41.0000,0.0558
-8.1179,41.1000,0.0547
-8.1179,41.2000,0.0536
-8.1179,41.3000,0.0527
-8.1179,41.4000,0.0518
-8.1179,41.5000,0.0509
-8.1179,41.6000,0.0503
-8.1179,41.7000,0.0499
-8.1179,41.8000,0.0496
-8.1179,41.9000,0.0492
-8.1179,42.0000,0.0488
-8.1179,42.1000,0.0483
-8.1179,42.2000,0.0481
-8.0179,36.9000,0.2051
-8.0179,37.0000,0.1841
-8.0179,37.1000,0.1743
-8.0179,37.2000,0.1651
-8.0179,37.3000,0.1526
-8.0179,37.4000,0.1403
-8.0179,37.5000,0.1260
-8.0179,37.6000,0.1168
-8.0179,37.7000,0.1096
-8.0179,37.8000,0.1026
-8.0179,37.9000,0.0964
-8.0179,38.0000,0.0938
-8.0179,38.1000,0.0924
-8.0179,38.2000,0.0913
-8.0179,38.3000,0.0898
-8.0179,38.4000,0.0902
-8.0179,38.5000,0.0905
-8.0179,38.6000,0.0900
-8.0179,38.7000,0.0895
-8.0179,38.8000,0.0891
-8.0179,38.9000,0.0889
-8.0179,39.0000,0.0882
-8.0179,39.1000,0.0875
-8.0179,39.2000,0.0859
-8.0179,39.3000,0.0845
-8.0179,39.4000,0.0824
-8.0179,39.5000,0.0801
-8.0179,39.6000,0.0772
-8.0179,39.7000,0.0750
-8.0179,39.8000,0.0727
-8.0179,39.9000,0.0708
-8.0179,40.0000,0.0687
-8.0179,40.1000,0.0671
-8.0179,40.2000,0.0658
-8.0179,40.3000,0.0646
-8.0179,40.4000,0.0634
-8.0179,40.5000,0.0618
-8.0179,40.6000,0.0606
-8.0179,40.7000,0.0593
-8.0179,40.8000,0.0578
-8.0179,40.9000,0.0562
-8.0179,41.0000,0.0551
-8.0179,41.1000,0.0540
-8.0179,41.2000,0.0529
-8.0179,41.3000,0.0521
-8.0179,41.4000,0.0513
-8.0179,41.5000,0.0505
-8.0179,41.6000,0.0499
-8.0179,41.7000,0.0496
-8.0179,41.8000,0.0493
-8.0179,41.9000,0.0490
-8.0179,42.0000,0.0486
-8.0179,42.1000,0.0481
-8.0179,42.2000,0.0479
-7.9179,36.9000,0.2059
-7.9179,37.0000,0.1843
-7.9179,37.1000,0.1737
-7.9179,37.2000,0.1638
-7.9179,37.3000,0.1513
-7.9179,37.4000,0.1390
-7.9179,37.5000,0.1246
-7.9179,37.6000,0.1148
-7.9179,37.7000,0.1072
-7.9179,37.8000,0.1003
-7.9179,37.9000,0.0944
-7.9179,38.0000,0.0909
-7.9179,38.1000,0.0885
-7.9179,38.2000,0.0878
-7.9179,38.3000,0.0866
-7.9179,38.4000,0.0862
-7.9179,38.5000,0.0866
-7.9179,38.6000,0.0859
-7.9179,38.7000,0.0847
-7.9179,38.8000,0.0840
-7.9179,38.9000,0.0841
-7.9179,39.0000,0.0835
-7.9179,39.1000,0.0827
-7.9179,39.2000,0.0812
-7.9179,39.3000,0.0792
-7.9179,39.4000,0.0778
-7.9179,39.5000,0.0762
-7.9179,39.6000,0.0738
-7.9179,39.7000,0.0716
-7.9179,39.8000,0.0702
-7.9179,39.9000,0.0686
-7.9179,40.0000,0.0667
-7.9179,40.1000,0.0653
-7.9179,40.2000,0.0642
-7.9179,40.3000,0.0631
-7.9179,40.4000,0.0620
-7.9179,40.5000,0.0606
-7.9179,40.6000,0.0593
-7.9179,40.7000,0.0581
-7.9179,40.8000,0.0569
-7.9179,40.9000,0.0554
-7.9179,41.0000,0.0542
-7.9179,41.1000,0.0533
-7.9179,41.2000,0.0523
-7.9179,41.3000,0.0515
-7.9179,41.4000,0.0508
-7.9179,41.5000,0.0500
-7.9179,41.6000,0.0495
-7.9179,41.7000,0.0492
-7.9179,41.8000,0.0490
-7.9179,41.9000,0.0486
-7.9179,42.0000,0.0481
-7.9179,42.1000,0.0479
-7.9179,42.2000,0.0476
-7.8179,36.9000,0.2085
-7.8179,37.0000,0.1848
-7.8179,37.1000,0.1725
-7.8179,37.2000,0.1620
-7.8179,37.3000,0.1497
-7.8179,37.4000,0.1364
-7.8179,37.5000,0.1220
-7.8179,37.6000,0.1118
-7.8179,37.7000,0.1042
-7.8179,37.8000,0.0982
-7.8179,37.9000,0.0919
-7.8179,38.0000,0.0882
-7.8179,38.1000,0.0850
-7.8179,38.2000,0.0834
-7.8179,38.3000,0.0825
-7.8179,38.4000,0.0818
-7.8179,38.5000,0.0809
-7.8179,38.6000,0.0799
-7.8179,38.7000,0.0800
-7.8179,38.8000,0.0796
-7.8179,38.9000,0.0789
-7.8179,39.0000,0.0786
-7.8179,39.1000,0.0776
-7.8179,39.2000,0.0762
-7.8179,39.3000,0.0747
-7.8179,39.4000,0.0736
-7.8179,39.5000,0.0724
-7.8179,39.6000,0.0701
-7.8179,39.7000,0.0686
-7.8179,39.8000,0.0675
-7.8179,39.9000,0.0662
-7.8179,40.0000,0.0646
-7.8179,40.1000,0.0633
-7.8179,40.2000,0.0623
-7.8179,40.3000,0.0615
-7.8179,40.4000,0.0605
-7.8179,40.5000,0.0591
-7.8179,40.6000,0.0579
-7.8179,40.7000,0.0569
-7.8179,40.8000,0.0559
-7.8179,40.9000,0.0545
-7.8179,41.0000,0.0533
-7.8179,41.1000,0.0524
-7.8179,41.2000,0.0516
-7.8179,41.3000,0.0509
-7.8179,41.4000,0.0501
-7.8179,41.5000,0.0494
-7.8179,41.6000,0.0489
-7.8179,41.7000,0.0486
-7.8179,41.8000,0.0483
-7.8179,41.9000,0.0479
-7.8179,42.0000,0.0475
-7.8179,42.1000,0.0473
-7.8179,42.2000,0.0471
-7.7179,36.9000,0.2135
-7.7179,37.0000,0.1854
-7.7179,37.1000,0.1712
-7.7179,37.2000,0.1594
-7.7179,37.3000,0.1467
-7.7179,37.4000,0.1334
-7.7179,37.5000,0.1184
-7.7179,37.6000,0.1078
-7.7179,37.7000,0.1005
-7.7179,37.8000,0.0949
-7.7179,37.9000,0.0885
-7.7179,38.0000,0.0842
-7.7179,38.1000,0.0811
-7.7179,38.2000,0.0799
-7.7179,38.3000,0.0788
-7.7179,38.4000,0.0779
-7.7179,38.5000,0.0759
-7.7179,38.6000,0.0755
-7.7179,38.7000,0.0749
-7.7179,38.8000,0.0745
-7.7179,38.9000,0.0736
-7.7179,39.0000,0.0732
-7.7179,39.1000,0.0725
-7.7179,39.2000,0.0712
-7.7179,39.3000,0.0706
-7.7179,39.4000,0.0693
-7.7179,39.5000,0.0681
-7.7179,39.6000,0.0668
-7.7179,39.7000,0.0658
-7.7179,39.8000,0.0648
-7.7179,39.9000,0.0636
-7.7179,40.0000,0.0623
-7.7179,40.1000,0.0613
-7.7179,40.2000,0.0605
-7.7179,40.3000,0.0598
-7.7179,40.4000,0.0586
-7.7179,40.5000,0.0576
-7.7179,40.6000,0.0565
-7.7179,40.7000,0.0557
-7.7179,40.8000,0.0546
-7.7179,40.9000,0.0534
-7.7179,41.0000,0.0524
-7.7179,41.1000,0.0515
-7.7179,41.2000,0.0508
-7.7179,41.3000,0.0499
-7.7179,41.4000,0.0492
-7.7179,41.5000,0.0485
-7.7179,41.6000,0.0480
-7.7179,41.7000,0.0477
-7.7179,41.8000,0.0473
-7.7179,41.9000,0.0469
-7.7179,42.0000,0.0465
-7.7179,42.1000,0.0464
-7.7179,42.2000,0.0463
-7.6179,36.9000,0.2153
-7.6179,37.0000,0.1862
-7.6179,37.1000,0.1680
-7.6179,37.2000,0.1578
-7.6179,37.3000,0.1446
-7.6179,37.4000,0.1313
-7.6179,37.5000,0.1153
-7.6179,37.6000,0.1048
-7.6179,37.7000,0.0979
-7.6179,37.8000,0.0919
-7.6179,37.9000,0.0856
-7.6179,38.0000,0.0810
-7.6179,38.1000,0.0787
-7.6179,38.2000,0.0773
-7.6179,38.3000,0.0760
-7.6179,38.4000,0.0736
-7.6179,38.5000,0.0729
-7.6179,38.6000,0.0724
-7.6179,38.7000,0.0718
-7.6179,38.8000,0.0705
-7.6179,38.9000,0.0702
-7.6179,39.0000,0.0699
-7.6179,39.1000,0.0690
-7.6179,39.2000,0.0680
-7.6179,39.3000,0.0671
-7.6179,39.4000,0.0664
-7.6179,39.5000,0.0655
-7.6179,39.6000,0.0643
-7.6179,39.7000,0.0634
-7.6179,39.8000,0.0626
-7.6179,39.9000,0.0617
-7.6179,40.0000,0.0606
-7.6179,40.1000,0.0595
-7.6179,40.2000,0.0589
-7.6179,40.3000,0.0582
-7.6179,40.4000,0.0572
-7.6179,40.5000,0.0562
-7.6179,40.6000,0.0552
-7.6179,40.7000,0.0544
-7.6179,40.8000,0.0535
-7.6179,40.9000,0.0523
-7.6179,41.0000,0.0514
-7.6179,41.1000,0.0507
-7.6179,41.2000,0.0499
-7.6179,41.3000,0.0490
-7.6179,41.4000,0.0483
-7.6179,41.5000,0.0477
-7.6179,41.6000,0.0472
-7.6179,41.7000,0.0466
-7.6179,41.8000,0.0462
-7.6179,41.9000,0.0458
-7.6179,42.0000,0.0456
-7.6179,42.1000,0.0454
-7.6179,42.2000,0.0454
-7.5179,36.9000,0.2159
-7.5179,37.0000,0.1884
-7.5179,37.1000,0.1685
-7.5179,37.2000,0.1569
-7.5179,37.3000,0.1427
-7.5179,37.4000,0.1292
-7.5179,37.5000,0.1133
-7.5179,37.6000,0.1024
-7.5179,37.7000,0.0958
-7.5179,37.8000,0.0894
-7.5179,37.9000,0.0827
-7.5179,38.0000,0.0790
-7.5179,38.1000,0.0766
-7.5179,38.2000,0.0751
-7.5179,38.3000,0.0729
-7.5179,38.4000,0.0713
-7.5179,38.5000,0.0705
-7.5179,38.6000,0.0700
-7.5179,38.7000,0.0691
-7.5179,38.8000,0.0679
-7.5179,38.9000,0.0677
-7.5179,39.0000,0.0672
-7.5179,39.1000,0.0662
-7.5179,39.2000,0.0654
-7.5179,39.3000,0.0647
-7.5179,39.4000,0.0640
-7.5179,39.5000,0.0631
-7.5179,39.6000,0.0622
-7.5179,39.7000,0.0615
-7.5179,39.8000,0.0608
-7.5179,39.9000,0.0600
-7.5179,40.0000,0.0589
-7.5179,40.1000,0.0580
-7.5179,40.2000,0.0575
-7.5179,40.3000,0.0568
-7.5179,40.4000,0.0559
-7.5179,40.5000,0.0549
-7.5179,40.6000,0.0541
-7.5179,40.7000,0.0533
-7.5179,40.8000,0.0524
-7.5179,40.9000,0.0513
-7.5179,41.0000,0.0506
-7.5179,41.1000,0.0499
-7.5179,41.2000,0.0491
-7.5179,41.3000,0.0482
-7.5179,41.4000,0.0476
-7.5179,41.5000,0.0470
-7.5179,41.6000,0.0465
-7.5179,41.7000,0.0459
-7.5179,41.8000,0.0454
-7.5179,41.9000,0.0451
-7.5179,42.0000,0.0448
-7.5179,42.1000,0.0446
-7.5179,42.2000,0.0447
-7.4179,36.9000,0.2154
-7.4179,37.0000,0.1884
-7.4179,37.1000,0.1684
-7.4179,37.2000,0.1537
-7.4179,37.3000,0.1407
-7.4179,37.4000,0.1272
-7.4179,37.5000,0.1113
-7.4179,37.6000,0.1004
-7.4179,37.7000,0.0930
-7.4179,37.8000,0.0866
-7.4179,37.9000,0.0805
-7.4179,38.0000,0.0769
-7.4179,38.1000,0.0746
-7.4179,38.2000,0.0721
-7.4179,38.3000,0.0702
-7.4179,38.4000,0.0691
-7.4179,38.5000,0.0683
-7.4179,38.6000,0.0675
-7.4179,38.7000,0.0662
-7.4179,38.8000,0.0657
-7.4179,38.9000,0.0653
-7.4179,39.0000,0.0644
-7.4179,39.1000,0.0639
-7.4179,39.2000,0.0631
-7.4179,39.3000,0.0625
-7.4179,39.4000,0.0617
-7.4179,39.5000,0.0610
-7.4179,39.6000,0.0602
-7.4179,39.7000,0.0597
-7.4179,39.8000,0.0591
-7.4179,39.9000,0.0583
-7.4179,40.0000,0.0573
-7.4179,40.1000,0.0566
-7.4179,40.2000,0.0561
-7.4179,40.3000,0.0553
-7.4179,40.4000,0.0545
-7.4179,40.5000,0.0536
-7.4179,40.6000,0.0529
-7.4179,40.7000,0.0520
-7.4179,40.8000,0.0513
-7.4179,40.9000,0.0503
-7.4179,41.0000,0.0496
-7.4179,41.1000,0.0491
-7.4179,41.2000,0.0483
-7.4179,41.3000,0.0475
-7.4179,41.4000,0.0468
-7.4179,41.5000,0.0464
-7.4179,41.6000,0.0457
-7.4179,41.7000,0.0453
-7.4179,41.8000,0.0448
-7.4179,41.9000,0.0445
-7.4179,42.0000,0.0442
-7.4179,42.1000,0.0440
-7.4179,42.2000,0.0441
-7.3179,36.9000,0.2133
-7.3179,37.0000,0.1868
-7.3179,37.1000,0.1684
-7.3179,37.2000,0.1528
-7.3179,37.3000,0.1387
-7.3179,37.4000,0.1248
-7.3179,37.5000,0.1088
-7.3179,37.6000,0.0968
-7.3179,37.7000,0.0899
-7.3179,37.8000,0.0840
-7.3179,37.9000,0.0783
-7.3179,38.0000,0.0744
-7.3179,38.1000,0.0713
-7.3179,38.2000,0.0693
-7.3179,38.3000,0.0680
-7.3179,38.4000,0.0666
-7.3179,38.5000,0.0657
-7.3179,38.6000,0.0645
-7.3179,38.7000,0.0639
-7.3179,38.8000,0.0633
-7.3179,38.9000,0.0623
-7.3179,39.0000,0.0620
-7.3179,39.1000,0.0615
-7.3179,39.2000,0.0608
-7.3179,39.3000,0.0600
-7.3179,39.4000,0.0595
-7.3179,39.5000,0.0589
-7.3179,39.6000,0.0582
-7.3179,39.7000,0.0577
-7.3179,39.8000,0.0571
-7.3179,39.9000,0.0565
-7.3179,40.0000,0.0557
-7.3179,40.1000,0.0550
-7.3179,40.2000,0.0543
-7.3179,40.3000,0.0537
-7.3179,40.4000,0.0530
-7.3179,40.5000,0.0521
-7.3179,40.6000,0.0513
-7.3179,40.7000,0.0507
-7.3179,40.8000,0.0501
-7.3179,40.9000,0.0492
-7.3179,41.0000,0.0486
-7.3179,41.1000,0.0479
-7.3179,41.2000,0.0474
-7.3179,41.3000,0.0467
-7.3179,41.4000,0.0461
-7.3179,41.5000,0.0455
-7.3179,41.6000,0.0451
-7.3179,41.7000,0.0445
-7.3179,41.8000,0.0442
-7.3179,41.9000,0.0438
-7.3179,42.0000,0.0435
-7.3179,42.1000,0.0434
-7.3179,42.2000,0.0435
-7.2179,37.0000,0.1821
-7.2179,37.1000,0.1649
-7.2179,37.2000,0.1511
-7.2179,37.3000,0.1335
-7.2179,37.4000,0.1202
-7.2179,37.5000,0.1041
-7.2179,37.6000,0.0933
-7.2179,37.7000,0.0864
-7.2179,37.8000,0.0812
-7.2179,37.9000,0.0743
-7.2179,38.0000,0.0708
-7.2179,38.1000,0.0677
-7.2179,38.2000,0.0664
-7.2179,38.3000,0.0647
-7.2179,38.4000,0.0637
-7.2179,38.5000,0.0622
-7.2179,38.6000,0.0616
-7.2179,38.7000,0.0610
-7.2179,38.8000,0.0600
-7.2179,38.9000,0.0595
-7.2179,39.0000,0.0592
-7.2179,39.1000,0.0588
-7.2179,39.2000,0.0581
-7.2179,39.3000,0.0575
-7.2179,39.4000,0.0570
-7.2179,39.5000,0.0565
-7.2179,39.6000,0.0559
-7.2179,39.7000,0.0555
-7.2179,39.8000,0.0550
-7.2179,39.9000,0.0544
-7.2179,40.0000,0.0538
-7.2179,40.1000,0.0530
-7.2179,40.2000,0.0525
-7.2179,40.3000,0.0520
-7.2179,40.4000,0.0513
-7.2179,40.5000,0.0504
-7.2179,40.6000,0.0497
-7.2179,40.7000,0.0491
-7.2179,40.8000,0.0486
-7.2179,40.9000,0.0479
-7.2179,41.0000,0.0473
-7.2179,41.1000,0.0468
-7.2179,41.2000,0.0462
-7.2179,41.3000,0.0458
-7.2179,41.4000,0.0452
-7.2179,41.5000,0.0447
-7.2179,41.6000,0.0442
-7.2179,41.7000,0.0438
-7.2179,41.8000,0.0435
-7.2179,41.9000,0.0431
-7.2179,42.0000,0.0429
-7.2179,42.1000,0.0427
-7.2179,42.2000,0.0428
-7.1179,37.0000,0.1740
-7.1179,37.1000,0.1575
-7.1179,37.2000,0.1444
-7.1179,37.3000,0.1281
-7.1179,37.4000,0.1128
-7.1179,37.5000,0.0966
-7.1179,37.6000,0.0890
-7.1179,37.7000,0.0816
-7.1179,37.8000,0.0757
-7.1179,37.9000,0.0704
-7.1179,38.0000,0.0664
-7.1179,38.1000,0.0639
-7.1179,38.2000,0.0627
-7.1179,38.3000,0.0613
-7.1179,38.4000,0.0598
-7.1179,38.5000,0.0588
-7.1179,38.6000,0.0583
-7.1179,38.7000,0.0575
-7.1179,38.8000,0.0569
-7.1179,38.9000,0.0563
-7.1179,39.0000,0.0560
-7.1179,39.1000,0.0555
-7.1179,39.2000,0.0551
-7.1179,39.3000,0.0546
-7.1179,39.4000,0.0542
-7.1179,39.5000,0.0537
-7.1179,39.6000,0.0532
-7.1179,39.7000,0.0530
-7.1179,39.8000,0.0525
-7.1179,39.9000,0.0520
-7.1179,40.0000,0.0515
-7.1179,40.1000,0.0510
-7.1179,40.2000,0.0505
-7.1179,40.3000,0.0500
-7.1179,40.4000,0.0491
-7.1179,40.5000,0.0484
-7.1179,40.6000,0.0479
-7.1179,40.7000,0.0474
-7.1179,40.8000,0.0469
-7.1179,40.9000,0.0463
-7.1179,41.0000,0.0460
-7.1179,41.1000,0.0455
-7.1179,41.2000,0.0451
-7.1179,41.3000,0.0446
-7.1179,41.4000,0.0442
-7.1179,41.5000,0.0438
-7.1179,41.6000,0.0434
-7.1179,41.7000,0.0430
-7.1179,41.8000,0.0427
-7.1179,41.9000,0.0425
-7.1179,42.0000,0.0421
-7.1179,42.1000,0.0419
-7.1179,42.2000,0.0419
-7.0179,36.9000,0.1905
-7.0179,37.0000,0.1684
-7.0179,37.1000,0.1521
-7.0179,37.2000,0.1395
-7.0179,37.3000,0.1247
-7.0179,37.4000,0.1093
-7.0179,37.5000,0.0930
-7.0179,37.6000,0.0828
-7.0179,37.7000,0.0787
-7.0179,37.8000,0.0726
-7.0179,37.9000,0.0665
-7.0179,38.0000,0.0632
-7.0179,38.1000,0.0611
-7.0179,38.2000,0.0599
-7.0179,38.3000,0.0581
-7.0179,38.4000,0.0571
-7.0179,38.5000,0.0563
-7.0179,38.6000,0.0554
-7.0179,38.7000,0.0547
-7.0179,38.8000,0.0541
-7.0179,38.9000,0.0538
-7.0179,39.0000,0.0534
-7.0179,39.1000,0.0530
-7.0179,39.2000,0.0525
-7.0179,39.3000,0.0522
-7.0179,39.4000,0.0519
-7.0179,39.5000,0.0513
-7.0179,39.6000,0.0511
-7.0179,39.7000,0.0508
-7.0179,39.8000,0.0505
-7.0179,39.9000,0.0501
-7.0179,40.0000,0.0496
-7.0179,40.1000,0.0492
-7.0179,40.2000,0.0488
-7.0179,40.3000,0.0482
-7.0179,40.4000,0.0474
-7.0179,40.5000,0.0468
-7.0179,40.6000,0.0462
-7.0179,40.7000,0.0459
-7.0179,40.8000,0.0453
-7.0179,40.9000,0.0449
-7.0179,41.0000,0.0447
-7.0179,41.1000,0.0444
-7.0179,41.2000,0.0441
-7.0179,41.3000,0.0436
-7.0179,41.4000,0.0433
-7.0179,41.5000,0.0430
-7.0179,41.6000,0.0427
-7.0179,41.7000,0.0423
-7.0179,41.8000,0.0421
-7.0179,41.9000,0.0418
-7.0179,42.0000,0.0415
-7.0179,42.1000,0.0412
-7.0179,42.2000,0.0411
-6.9179,36.9000,0.1856
-6.9179,37.0000,0.1637
-6.9179,37.1000,0.1472
-6.9179,37.2000,0.1350
-6.9179,37.3000,0.1207
-6.9179,37.4000,0.1063
-6.9179,37.5000,0.0903
-6.9179,37.6000,0.0800
-6.9179,37.7000,0.0724
-6.9179,37.8000,0.0666
-6.9179,37.9000,0.0641
-6.9179,38.0000,0.0608
-6.9179,38.1000,0.0587
-6.9179,38.2000,0.0569
-6.9179,38.3000,0.0559
-6.9179,38.4000,0.0548
-6.9179,38.5000,0.0536
-6.9179,38.6000,0.0529
-6.9179,38.7000,0.0524
-6.9179,38.8000,0.0519
-6.9179,38.9000,0.0515
-6.9179,39.0000,0.0511
-6.9179,39.1000,0.0508
-6.9179,39.2000,0.0504
-6.9179,39.3000,0.0502
-6.9179,39.4000,0.0499
-6.9179,39.5000,0.0494
-6.9179,39.6000,0.0492
-6.9179,39.7000,0.0490
-6.9179,39.8000,0.0487
-6.9179,39.9000,0.0482
-6.9179,40.0000,0.0479
-6.9179,40.1000,0.0475
-6.9179,40.2000,0.0471
-6.9179,40.3000,0.0464
-6.9179,40.4000,0.0456
-6.9179,40.5000,0.0450
-6.9179,40.6000,0.0447
-6.9179,40.7000,0.0443
-6.9179,40.8000,0.0439
-6.9179,40.9000,0.0436
-6.9179,41.0000,0.0435
-6.9179,41.1000,0.0433
-6.9179,41.2000,0.0430
-6.9179,41.3000,0.0427
-6.9179,41.4000,0.0424
-6.9179,41.5000,0.0423
-6.9179,41.6000,0.0419
-6.9179,41.7000,0.0416
-6.9179,41.8000,0.0413
-6.9179,41.9000,0.0412
-6.9179,42.0000,0.0409
-6.9179,42.1000,0.0406
-6.9179,42.2000,0.0405
-6.8179,36.9000,0.1791
-6.8179,37.0000,0.1571
-6.8179,37.1000,0.1408
-6.8179,37.2000,0.1289
-6.8179,37.3000,0.1167
-6.8179,37.4000,0.1029
-6.8179,37.5000,0.0874
-6.8179,37.6000,0.0767
-6.8179,37.7000,0.0700
-6.8179,37.8000,0.0643
-6.8179,37.9000,0.0588
-6.8179,38.0000,0.0581
-6.8179,38.1000,0.0558
-6.8179,38.2000,0.0547
-6.8179,38.3000,0.0535
-6.8179,38.4000,0.0521
-6.8179,38.5000,0.0509
-6.8179,38.6000,0.0507
-6.8179,38.7000,0.0502
-6.8179,38.8000,0.0498
-6.8179,38.9000,0.0492
-6.8179,39.0000,0.0490
-6.8179,39.1000,0.0487
-6.8179,39.2000,0.0484
-6.8179,39.3000,0.0481
-6.8179,39.4000,0.0477
-6.8179,39.5000,0.0475
-6.8179,39.6000,0.0473
-6.8179,39.7000,0.0472
-6.8179,39.8000,0.0467
-6.8179,39.9000,0.0464
-6.8179,40.0000,0.0460
-6.8179,40.1000,0.0456
-6.8179,40.2000,0.0451
-6.8179,40.3000,0.0446
-6.8179,40.4000,0.0439
-6.8179,40.5000,0.0433
-6.8179,40.6000,0.0429
-6.8179,40.7000,0.0425
-6.8179,40.8000,0.0424
-6.8179,40.9000,0.0422
-6.8179,41.0000,0.0422
-6.8179,41.1000,0.0421
-6.8179,41.2000,0.0419
-6.8179,41.3000,0.0417
-6.8179,41.4000,0.0415
-6.8179,41.5000,0.0414
-6.8179,41.6000,0.0411
-6.8179,41.7000,0.0409
-6.8179,41.8000,0.0407
-6.8179,41.9000,0.0404
-6.8179,42.0000,0.0402
-6.8179,42.1000,0.0400
-6.8179,42.2000,0.0398
-6.7179,36.9000,0.1675
-6.7179,37.0000,0.1468
-6.7179,37.1000,0.1320
-6.7179,37.2000,0.1222
-6.7179,37.3000,0.1108
-6.7179,37.4000,0.0984
-6.7179,37.5000,0.0837
-6.7179,37.6000,0.0741
-6.7179,37.7000,0.0672
-6.7179,37.8000,0.0619
-6.7179,37.9000,0.0563
-6.7179,38.0000,0.0527
-6.7179,38.1000,0.0503
-6.7179,38.2000,0.0518
-6.7179,38.3000,0.0506
-6.7179,38.4000,0.0495
-6.7179,38.5000,0.0487
-6.7179,38.6000,0.0482
-6.7179,38.7000,0.0480
-6.7179,38.8000,0.0474
-6.7179,38.9000,0.0469
-6.7179,39.0000,0.0468
-6.7179,39.1000,0.0466
-6.7179,39.2000,0.0462
-6.7179,39.3000,0.0459
-6.7179,39.4000,0.0457
-6.7179,39.5000,0.0456
-6.7179,39.6000,0.0454
-6.7179,39.7000,0.0450
-6.7179,39.8000,0.0447
-6.7179,39.9000,0.0444
-6.7179,40.0000,0.0440
-6.7179,40.1000,0.0435
-6.7179,40.2000,0.0430
-6.7179,40.3000,0.0425
-6.7179,40.4000,0.0418
-6.7179,40.5000,0.0413
-6.7179,40.6000,0.0408
-6.7179,40.7000,0.0407
-6.7179,40.8000,0.0406
-6.7179,40.9000,0.0407
-6.7179,41.0000,0.0407
-6.7179,41.1000,0.0407
-6.7179,41.2000,0.0407
-6.7179,41.3000,0.0406
-6.7179,41.4000,0.0405
-6.7179,41.5000,0.0403
-6.7179,41.6000,0.0402
-6.7179,41.7000,0.0400
-6.7179,41.8000,0.0399
-6.7179,41.9000,0.0396
-6.7179,42.0000,0.0395
-6.7179,42.1000,0.0393
-6.7179,42.2000,0.0392
-6.6179,36.9000,0.1477
-6.6179,37.0000,0.1325
-6.6179,37.1000,0.1212
-6.6179,37.2000,0.1125
-6.6179,37.3000,0.1026
-6.6179,37.4000,0.0920
-6.6179,37.5000,0.0804
-6.6179,37.6000,0.0712
-6.6179,37.7000,0.0644
-6.6179,37.8000,0.0589
-6.6179,37.9000,0.0535
-6.6179,38.0000,0.0500
-6.6179,38.1000,0.0475
-6.6179,38.2000,0.0462
-6.6179,38.3000,0.0477
-6.6179,38.4000,0.0468
-6.6179,38.5000,0.0459
-6.6179,38.6000,0.0455
-6.6179,38.7000,0.0453
-6.6179,38.8000,0.0450
-6.6179,38.9000,0.0446
-6.6179,39.0000,0.0444
-6.6179,39.1000,0.0441
-6.6179,39.2000,0.0440
-6.6179,39.3000,0.0438
-6.6179,39.4000,0.0436
-6.6179,39.5000,0.0433
-6.6179,39.6000,0.0432
-6.6179,39.7000,0.0429
-6.6179,39.8000,0.0426
-6.6179,39.9000,0.0421
-6.6179,40.0000,0.0416
-6.6179,40.1000,0.0412
-6.6179,40.2000,0.0408
-6.6179,40.3000,0.0402
-6.6179,40.4000,0.0393
-6.6179,40.5000,0.0389
-6.6179,40.6000,0.0387
-6.6179,40.7000,0.0386
-6.6179,40.8000,0.0387
-6.6179,40.9000,0.0389
-6.6179,41.0000,0.0392
-6.6179,41.1000,0.0393
-6.6179,41.2000,0.0393
-6.6179,41.3000,0.0393
-6.6179,41.4000,0.0394
-6.6179,41.5000,0.0394
-6.6179,41.6000,0.0393
-6.6179,41.7000,0.0391
-6.6179,41.8000,0.0390
-6.6179,41.9000,0.0389
-6.6179,42.0000,0.0387
-6.6179,42.1000,0.0386
-6.6179,42.2000,0.0384
-6.5179,36.9000,0.1358
-6.5179,37.0000,0.1227
-6.5179,37.1000,0.1130
-6.5179,37.2000,0.1055
-6.5179,37.3000,0.0976
-6.5179,37.4000,0.0888
-6.5179,37.5000,0.0782
-6.5179,37.6000,0.0695
-6.5179,37.7000,0.0628
-6.5179,37.8000,0.0566
-6.5179,37.9000,0.0514
-6.5179,38.0000,0.0480
-6.5179,38.1000,0.0455
-6.5179,38.2000,0.0441
-6.5179,38.3000,0.0456
-6.5179,38.4000,0.0446
-6.5179,38.5000,0.0438
-6.5179,38.6000,0.0435
-6.5179,38.7000,0.0433
-6.5179,38.8000,0.0430
-6.5179,38.9000,0.0427
-6.5179,39.0000,0.0426
-6.5179,39.1000,0.0423
-6.5179,39.2000,0.0423
-6.5179,39.3000,0.0420
-6.5179,39.4000,0.0418
-6.5179,39.5000,0.0416
-6.5179,39.6000,0.0415
-6.5179,39.7000,0.0412
-6.5179,39.8000,0.0409
-6.5179,39.9000,0.0403
-6.5179,40.0000,0.0397
-6.5179,40.1000,0.0392
-6.5179,40.2000,0.0386
-6.5179,40.3000,0.0380
-6.5179,40.4000,0.0371
-6.5179,40.5000,0.0367
-6.5179,40.6000,0.0364
-6.5179,40.7000,0.0364
-6.5179,40.8000,0.0367
-6.5179,40.9000,0.0373
-6.5179,41.0000,0.0378
-6.5179,41.1000,0.0379
-6.5179,41.2000,0.0381
-6.5179,41.3000,0.0383
-6.5179,41.4000,0.0384
-6.5179,41.5000,0.0384
-6.5179,41.6000,0.0384
-6.5179,41.7000,0.0382
-6.5179,41.8000,0.0382
-6.5179,41.9000,0.0381
-6.5179,42.0000,0.0380
-6.5179,42.1000,0.0378
-6.5179,42.2000,0.0376
-6.4179,36.9000,0.1282
-6.4179,37.0000,0.1163
-6.4179,37.1000,0.1072
-6.4179,37.2000,0.1005
-6.4179,37.3000,0.0935
-6.4179,37.4000,0.0863
-6.4179,37.5000,0.0763
-6.4179,37.6000,0.0679
-6.4179,37.7000,0.0615
-6.4179,37.8000,0.0554
-6.4179,37.9000,0.0500
-6.4179,38.0000,0.0463
-6.4179,38.1000,0.0439
-6.4179,38.2000,0.0424
-6.4179,38.3000,0.0411
-6.4179,38.4000,0.0429
-6.4179,38.5000,0.0420
-6.4179,38.6000,0.0419
-6.4179,38.7000,0.0416
-6.4179,38.8000,0.0413
-6.4179,38.9000,0.0411
-6.4179,39.0000,0.0409
-6.4179,39.1000,0.0408
-6.4179,39.2000,0.0407
-6.4179,39.3000,0.0406
-6.4179,39.4000,0.0404
-6.4179,39.5000,0.0401
-6.4179,39.6000,0.0400
-6.4179,39.7000,0.0398
-6.4179,39.8000,0.0393
-6.4179,39.9000,0.0387
-6.4179,40.0000,0.0380
-6.4179,40.1000,0.0373
-6.4179,40.2000,0.0367
-6.4179,40.3000,0.0360
-6.4179,40.4000,0.0352
-6.4179,40.5000,0.0347
-6.4179,40.6000,0.0346
-6.4179,40.7000,0.0348
-6.4179,40.8000,0.0351
-6.4179,40.9000,0.0359
-6.4179,41.0000,0.0364
-6.4179,41.1000,0.0368
-6.4179,41.2000,0.0370
-6.4179,41.3000,0.0373
-6.4179,41.4000,0.0374
-6.4179,41.5000,0.0376
-6.4179,41.6000,0.0376
-6.4179,41.7000,0.0375
-6.4179,41.8000,0.0375
-6.4179,41.9000,0.0375
-6.4179,42.0000,0.0374
-6.4179,42.1000,0.0372
-6.4179,42.2000,0.0370
-6.3179,36.9000,0.1224
-6.3179,37.0000,0.1113
-6.3179,37.1000,0.1027
-6.3179,37.2000,0.0970
-6.3179,37.3000,0.0908
-6.3179,37.4000,0.0843
-6.3179,37.5000,0.0747
-6.3179,37.6000,0.0667
-6.3179,37.7000,0.0602
-6.3179,37.8000,0.0542
-6.3179,37.9000,0.0488
-6.3179,38.0000,0.0450
-6.3179,38.1000,0.0426
-6.3179,38.2000,0.0410
-6.3179,38.3000,0.0397
-6.3179,38.4000,0.0388
-6.3179,38.5000,0.0382
-6.3179,38.6000,0.0381
-6.3179,38.7000,0.0401
-6.3179,38.8000,0.0398
-6.3179,38.9000,0.0396
-6.3179,39.0000,0.0395
-6.3179,39.1000,0.0394
-6.3179,39.2000,0.0393
-6.3179,39.3000,0.0391
-6.3179,39.4000,0.0389
-6.3179,39.5000,0.0387
-6.3179,39.6000,0.0385
-6.3179,39.7000,0.0382
-6.3179,39.8000,0.0377
-6.3179,39.9000,0.0370
-6.3179,40.0000,0.0362
-6.3179,40.1000,0.0355
-6.3179,40.2000,0.0348
-6.3179,40.3000,0.0342
-6.3179,40.4000,0.0335
-6.3179,40.5000,0.0329
-6.3179,40.6000,0.0329
-6.3179,40.7000,0.0331
-6.3179,40.8000,0.0337
-6.3179,40.9000,0.0344
-6.3179,41.0000,0.0351
-6.3179,41.1000,0.0355
-6.3179,41.2000,0.0358
-6.3179,41.3000,0.0362
-6.3179,41.4000,0.0365
-6.3179,41.5000,0.0367
-6.3179,41.6000,0.0367
-6.3179,41.7000,0.0367
-6.3179,41.8000,0.0368
-6.3179,41.9000,0.0368
-6.3179,42.0000,0.0368
-6.3179,42.1000,0.0366
-6.3179,42.2000,0.0364
-6.2179,36.9000,0.1173
-6.2179,37.0000,0.1065
-6.2179,37.1000,0.0985
-6.2179,37.2000,0.0935
-6.2179,37.3000,0.0884
-6.2179,37.4000,0.0825
-6.2179,37.5000,0.0731
-6.2179,37.6000,0.0654
-6.2179,37.7000,0.0594
-6.2179,37.8000,0.0533
-6.2179,37.9000,0.0477
-6.2179,38.0000,0.0441
-6.2179,38.1000,0.0413
-6.2179,38.2000,0.0398
-6.2179,38.3000,0.0384
-6.2179,38.4000,0.0373
-6.2179,38.5000,0.0366
-6.2179,38.6000,0.0365
-6.2179,38.7000,0.0364
-6.2179,38.8000,0.0384
-6.2179,38.9000,0.0382
-6.2179,39.0000,0.0381
-6.2179,39.1000,0.0380
-6.2179,39.2000,0.0379
-6.2179,39.3000,0.0376
-6.2179,39.4000,0.0375
-6.2179,39.5000,0.0372
-6.2179,39.6000,0.0369
-6.2179,39.7000,0.0365
-6.2179,39.8000,0.0360
-6.2179,39.9000,0.0352
-6.2179,40.0000,0.0344
-6.2179,40.1000,0.0336
-6.2179,40.2000,0.0329
-6.2179,40.3000,0.0324
-6.2179,40.4000,0.0316
-6.2179,40.5000,0.0313
-6.2179,40.6000,0.0313
-6.2179,40.7000,0.0316
-6.2179,40.8000,0.0321
-6.2179,40.9000,0.0329
-6.2179,41.0000,0.0336
-6.2179,41.1000,0.0341
-6.2179,41.2000,0.0346
-6.2179,41.3000,0.0350
-6.2179,41.4000,0.0354
-6.2179,41.5000,0.0356
-6.2179,41.6000,0.0357
-6.2179,41.7000,0.0359
-6.2179,41.8000,0.0360
-6.2179,41.9000,0.0361
-6.2179,42.0000,0.0360
-6.2179,42.1000,0.0359
-6.2179,42.2000,0.0358