lon,lat,PGA-0.002105,PGA-0.000404,SA(1.0)-0.002105,SA(1.0)-0.000404
-9.718,38.600,0.128,0.267,0.078,0.156
-9.718,38.700,0.124,0.252,0.078,0.157
-9.718,38.800,0.123,0.251,0.077,0.157
-9.718,38.900,0.122,0.250,0.076,0.154
-9.718,39.000,0.121,0.251,0.073,0.149
-9.618,38.500,0.128,0.260,0.082,0.165
-9.618,38.600,0.125,0.252,0.083,0.168
-9.618,38.700,0.123,0.249,0.083,0.169
-9.618,38.800,0.122,0.248,0.082,0.169
-9.618,38.900,0.120,0.245,0.081,0.166
-9.618,39.000,0.117,0.240,0.078,0.160
-9.618,39.100,0.114,0.234,0.074,0.150
-9.618,39.200,0.110,0.227,0.070,0.142
-9.618,39.300,0.107,0.221,0.067,0.136
-9.618,39.400,0.105,0.218,0.064,0.130
-9.618,39.500,0.103,0.224,0.061,0.124
-9.518,38.500,0.127,0.257,0.086,0.175
-9.518,38.600,0.127,0.257,0.087,0.177
-9.518,38.700,0.126,0.257,0.087,0.178
-9.518,38.800,0.125,0.257,0.087,0.178
-9.518,38.900,0.123,0.254,0.085,0.176
-9.518,39.000,0.120,0.247,0.082,0.170
-9.518,39.100,0.113,0.234,0.078,0.161
-9.518,39.200,0.108,0.222,0.074,0.152
-9.518,39.300,0.104,0.214,0.071,0.145
-9.518,39.400,0.100,0.206,0.067,0.138
-9.518,39.500,0.097,0.199,0.064,0.130
-9.518,39.600,0.094,0.195,0.060,0.123
-9.418,38.200,0.125,0.251,0.083,0.163
-9.418,38.300,0.127,0.255,0.086,0.172
-9.418,38.400,0.128,0.259,0.088,0.178
-9.418,38.500,0.130,0.263,0.090,0.182
-9.418,38.600,0.130,0.266,0.090,0.185
-9.418,38.700,0.130,0.269,0.091,0.187
-9.418,38.800,0.130,0.270,0.090,0.188
-9.418,38.900,0.128,0.268,0.089,0.186
-9.418,39.000,0.124,0.261,0.086,0.181
-9.418,39.100,0.117,0.247,0.082,0.172
-9.418,39.200,0.111,0.236,0.078,0.164
-9.418,39.300,0.107,0.225,0.075,0.156
-9.418,39.400,0.102,0.215,0.071,0.148
-9.418,39.500,0.096,0.201,0.066,0.138
-9.418,39.600,0.091,0.189,0.063,0.129
-9.318,38.200,0.123,0.247,0.085,0.169
-9.318,38.300,0.128,0.257,0.088,0.177
-9.318,38.400,0.131,0.264,0.090,0.183
-9.318,38.500,0.133,0.270,0.092,0.188
-9.318,38.600,0.134,0.277,0.093,0.192
-9.318,38.700,0.135,0.282,0.094,0.196
-9.318,38.800,0.135,0.285,0.094,0.199
-9.318,38.900,0.133,0.286,0.093,0.199
-9.318,39.000,0.129,0.279,0.090,0.194
-9.318,39.100,0.123,0.266,0.086,0.185
-9.318,39.200,0.117,0.254,0.082,0.177
-9.318,39.300,0.112,0.243,0.078,0.169
-9.318,39.400,0.107,0.231,0.074,0.160
-9.318,39.500,0.099,0.213,0.069,0.147
-9.318,39.600,0.093,0.196,0.065,0.135
-9.318,39.700,0.087,0.183,0.061,0.126
-9.318,39.800,0.083,0.174,0.058,0.119
-9.218,36.900,0.179,0.359,0.144,0.282
-9.218,37.000,0.168,0.325,0.134,0.257
-9.218,37.100,0.155,0.294,0.124,0.235
-9.218,37.200,0.144,0.274,0.116,0.216
-9.218,38.200,0.123,0.248,0.086,0.172
-9.218,38.300,0.129,0.260,0.089,0.180
-9.218,38.400,0.132,0.269,0.092,0.187
-9.218,38.500,0.135,0.277,0.094,0.192
-9.218,38.600,0.137,0.285,0.095,0.198
-9.218,38.700,0.138,0.295,0.097,0.205
-9.218,38.800,0.139,0.303,0.097,0.211
-9.218,38.900,0.138,0.306,0.096,0.213
-9.218,39.000,0.134,0.301,0.094,0.210
-9.218,39.100,0.128,0.287,0.090,0.200
-9.218,39.200,0.122,0.273,0.086,0.191
-9.218,39.300,0.117,0.261,0.082,0.182
-9.218,39.400,0.111,0.247,0.077,0.172
-9.218,39.500,0.103,0.226,0.072,0.157
-9.218,39.600,0.095,0.205,0.067,0.143
-9.218,39.700,0.089,0.190,0.063,0.132
-9.218,39.800,0.085,0.179,0.060,0.124
-9.218,39.900,0.080,0.170,0.056,0.117
-9.218,40.000,0.076,0.162,0.054,0.111
-9.118,36.900,0.172,0.341,0.137,0.263
-9.118,37.000,0.163,0.315,0.129,0.244
-9.118,37.100,0.153,0.294,0.121,0.226
-9.118,37.200,0.144,0.276,0.114,0.211
-9.118,37.300,0.135,0.259,0.106,0.197
-9.118,37.400,0.128,0.245,0.100,0.185
-9.118,37.800,0.112,0.216,0.084,0.155
-9.118,37.900,0.112,0.217,0.082,0.154
-9.118,38.000,0.114,0.223,0.082,0.156
-9.118,38.100,0.117,0.233,0.084,0.162
-9.118,38.200,0.124,0.249,0.087,0.173
-9.118,38.300,0.129,0.262,0.090,0.182
-9.118,38.400,0.133,0.272,0.093,0.188
-9.118,38.500,0.136,0.281,0.095,0.195
-9.118,38.600,0.139,0.292,0.097,0.203
-9.118,38.700,0.141,0.306,0.098,0.213
-9.118,38.800,0.142,0.321,0.099,0.224
-9.118,38.900,0.141,0.329,0.099,0.231
-9.118,39.000,0.138,0.327,0.097,0.229
-9.118,39.100,0.132,0.309,0.092,0.217
-9.118,39.200,0.126,0.292,0.088,0.204
-9.118,39.300,0.121,0.279,0.084,0.194
-9.118,39.400,0.114,0.261,0.080,0.182
-9.118,39.500,0.106,0.239,0.074,0.166
-9.118,39.600,0.097,0.215,0.069,0.150
-9.118,39.700,0.091,0.199,0.065,0.138
-9.118,39.800,0.086,0.186,0.061,0.129
-9.118,39.900,0.081,0.176,0.058,0.121
-9.118,40.000,0.078,0.168,0.055,0.115
-9.118,40.100,0.074,0.160,0.052,0.110
-9.118,40.200,0.072,0.155,0.050,0.105
-9.118,40.300,0.069,0.150,0.048,0.102
-9.118,40.400,0.067,0.146,0.046,0.099
-9.118,41.600,0.050,0.117,0.030,0.069
-9.118,41.700,0.048,0.110,0.030,0.068
-9.118,41.800,0.047,0.106,0.030,0.067
-9.118,41.900,0.046,0.103,0.029,0.066
-9.118,42.000,0.046,0.101,0.029,0.066
-9.118,42.100,0.045,0.100,0.029,0.065
-9.118,42.200,0.044,0.098,0.029,0.065
-9.018,36.900,0.167,0.329,0.131,0.247
-9.018,37.000,0.160,0.315,0.124,0.233
-9.018,37.100,0.152,0.303,0.118,0.219
-9.018,37.200,0.144,0.283,0.112,0.206
-9.018,37.300,0.136,0.264,0.105,0.193
-9.018,37.400,0.129,0.249,0.099,0.182
-9.018,37.500,0.122,0.236,0.093,0.173
-9.018,37.600,0.117,0.226,0.089,0.164
-9.018,37.700,0.114,0.219,0.085,0.158
-9.018,37.800,0.112,0.216,0.083,0.154
-9.018,37.900,0.112,0.217,0.082,0.153
-9.018,38.000,0.113,0.222,0.082,0.155
-9.018,38.100,0.117,0.233,0.083,0.162
-9.018,38.200,0.123,0.249,0.087,0.172
-9.018,38.300,0.129,0.262,0.090,0.181
-9.018,38.400,0.133,0.272,0.092,0.188
-9.018,38.500,0.136,0.283,0.095,0.195
-9.018,38.600,0.139,0.296,0.097,0.205
-9.018,38.700,0.141,0.313,0.099,0.218
-9.018,38.800,0.143,0.333,0.100,0.233
-9.018,38.900,0.143,0.350,0.100,0.246
-9.018,39.000,0.141,0.352,0.098,0.248
-9.018,39.100,0.135,0.331,0.094,0.233
-9.018,39.200,0.129,0.307,0.090,0.215
-9.018,39.300,0.124,0.292,0.086,0.204
-9.018,39.400,0.117,0.274,0.082,0.191
-9.018,39.500,0.108,0.250,0.076,0.173
-9.018,39.600,0.099,0.227,0.070,0.157
-9.018,39.700,0.093,0.209,0.066,0.145
-9.018,39.800,0.088,0.195,0.062,0.135
-9.018,39.900,0.083,0.183,0.059,0.126
-9.018,40.000,0.079,0.174,0.056,0.120
-9.018,40.100,0.076,0.167,0.054,0.115
-9.018,40.200,0.073,0.160,0.051,0.110
-9.018,40.300,0.071,0.156,0.049,0.106
-9.018,40.400,0.068,0.151,0.047,0.103
-9.018,40.500,0.066,0.147,0.045,0.100
-9.018,40.600,0.064,0.143,0.044,0.097
-9.018,40.700,0.062,0.140,0.042,0.094
-9.018,41.200,0.056,0.132,0.035,0.081
-9.018,41.300,0.055,0.129,0.034,0.078
-9.018,41.400,0.053,0.124,0.033,0.075
-9.018,41.500,0.051,0.118,0.032,0.073
-9.018,41.600,0.050,0.113,0.031,0.072
-9.018,41.700,0.048,0.109,0.031,0.070
-9.018,41.800,0.047,0.106,0.031,0.069
-9.018,41.900,0.047,0.104,0.030,0.069
-9.018,42.000,0.046,0.102,0.030,0.068
-9.018,42.100,0.046,0.101,0.030,0.067
-9.018,42.200,0.045,0.100,0.029,0.066
-8.918,36.900,0.165,0.325,0.127,0.237
-8.918,37.000,0.159,0.325,0.121,0.226
-8.918,37.100,0.152,0.321,0.116,0.214
-8.918,37.200,0.145,0.298,0.110,0.202
-8.918,37.300,0.137,0.272,0.103,0.190
-8.918,37.400,0.129,0.255,0.097,0.180
-8.918,37.500,0.123,0.240,0.092,0.171
-8.918,37.600,0.118,0.228,0.088,0.163
-8.918,37.700,0.114,0.220,0.085,0.156
-8.918,37.800,0.112,0.217,0.083,0.152
-8.918,37.900,0.111,0.216,0.081,0.151
-8.918,38.000,0.112,0.220,0.081,0.153
-8.918,38.100,0.116,0.230,0.082,0.159
-8.918,38.200,0.122,0.246,0.085,0.169
-8.918,38.300,0.127,0.258,0.088,0.178
-8.918,38.400,0.131,0.269,0.091,0.185
-8.918,38.500,0.135,0.280,0.094,0.193
-8.918,38.600,0.138,0.293,0.096,0.203
-8.918,38.700,0.141,0.311,0.098,0.216
-8.918,38.800,0.143,0.333,0.100,0.233
-8.918,38.900,0.144,0.358,0.100,0.253
-8.918,39.000,0.142,0.367,0.099,0.260
-8.918,39.100,0.137,0.347,0.096,0.245
-8.918,39.200,0.131,0.320,0.092,0.225
-8.918,39.300,0.126,0.302,0.088,0.211
-8.918,39.400,0.120,0.282,0.083,0.197
-8.918,39.500,0.111,0.258,0.078,0.179
-8.918,39.600,0.102,0.237,0.072,0.164
-8.918,39.700,0.095,0.219,0.067,0.151
-8.918,39.800,0.090,0.204,0.064,0.141
-8.918,39.900,0.085,0.190,0.060,0.131
-8.918,40.000,0.081,0.180,0.057,0.124
-8.918,40.100,0.077,0.173,0.055,0.119
-8.918,40.200,0.074,0.167,0.052,0.114
-8.918,40.300,0.072,0.162,0.050,0.111
-8.918,40.400,0.069,0.157,0.048,0.108
-8.918,40.500,0.067,0.153,0.046,0.104
-8.918,40.600,0.065,0.148,0.045,0.101
-8.918,40.700,0.063,0.145,0.043,0.099
-8.918,40.800,0.061,0.142,0.041,0.096
-8.918,40.900,0.059,0.139,0.040,0.094
-8.918,41.000,0.058,0.136,0.039,0.091
-8.918,41.100,0.057,0.133,0.037,0.088
-8.918,41.200,0.056,0.129,0.036,0.085
-8.918,41.300,0.054,0.125,0.035,0.082
-8.918,41.400,0.052,0.121,0.034,0.079
-8.918,41.500,0.051,0.117,0.033,0.077
-8.918,41.600,0.050,0.113,0.032,0.075
-8.918,41.700,0.049,0.110,0.032,0.073
-8.918,41.800,0.048,0.107,0.031,0.071
-8.918,41.900,0.047,0.105,0.031,0.070
-8.918,42.000,0.047,0.104,0.031,0.069
-8.918,42.100,0.046,0.102,0.030,0.068
-8.918,42.200,0.046,0.101,0.030,0.068
-8.818,36.900,0.164,0.326,0.124,0.231
-8.818,37.000,0.159,0.330,0.119,0.221
-8.818,37.100,0.152,0.328,0.114,0.211
-8.818,37.200,0.145,0.311,0.108,0.200
-8.818,37.300,0.138,0.281,0.102,0.189
-8.818,37.400,0.131,0.262,0.096,0.179
-8.818,37.500,0.124,0.245,0.092,0.170
-8.818,37.600,0.118,0.231,0.087,0.161
-8.818,37.700,0.114,0.220,0.084,0.154
-8.818,37.800,0.111,0.215,0.082,0.150
-8.818,37.900,0.109,0.213,0.080,0.148
-8.818,38.000,0.110,0.216,0.080,0.150
-8.818,38.100,0.113,0.225,0.081,0.155
-8.818,38.200,0.119,0.240,0.084,0.165
-8.818,38.300,0.124,0.251,0.086,0.173
-8.818,38.400,0.127,0.261,0.089,0.180
-8.818,38.500,0.131,0.272,0.092,0.188
-8.818,38.600,0.135,0.285,0.094,0.197
-8.818,38.700,0.139,0.302,0.097,0.209
-8.818,38.800,0.141,0.324,0.099,0.226
-8.818,38.900,0.143,0.350,0.099,0.246
-8.818,39.000,0.141,0.368,0.099,0.260
-8.818,39.100,0.138,0.359,0.096,0.254
-8.818,39.200,0.133,0.338,0.093,0.238
-8.818,39.300,0.128,0.315,0.089,0.221
-8.818,39.400,0.122,0.289,0.085,0.201
-8.818,39.500,0.113,0.266,0.079,0.184
-8.818,39.600,0.104,0.245,0.073,0.170
-8.818,39.700,0.097,0.228,0.068,0.157
-8.818,39.800,0.092,0.213,0.065,0.147
-8.818,39.900,0.086,0.199,0.061,0.137
-8.818,40.000,0.082,0.187,0.058,0.129
-8.818,40.100,0.079,0.179,0.055,0.123
-8.818,40.200,0.076,0.174,0.053,0.119
-8.818,40.300,0.073,0.169,0.051,0.116
-8.818,40.400,0.070,0.165,0.049,0.113
-8.818,40.500,0.068,0.160,0.047,0.110
-8.818,40.600,0.066,0.155,0.045,0.106
-8.818,40.700,0.064,0.152,0.044,0.104
-8.818,40.800,0.062,0.148,0.042,0.101
-8.818,40.900,0.060,0.144,0.041,0.098
-8.818,41.000,0.059,0.141,0.039,0.096
-8.818,41.100,0.057,0.137,0.038,0.092
-8.818,41.200,0.056,0.132,0.037,0.089
-8.818,41.300,0.054,0.127,0.036,0.085
-8.818,41.400,0.053,0.122,0.035,0.082
-8.818,41.500,0.051,0.118,0.034,0.080
-8.818,41.600,0.050,0.115,0.033,0.077
-8.818,41.700,0.049,0.112,0.033,0.075
-8.818,41.800,0.049,0.110,0.032,0.073
-8.818,41.900,0.048,0.107,0.032,0.072
-8.818,42.000,0.047,0.106,0.031,0.071
-8.818,42.100,0.047,0.104,0.031,0.070
-8.818,42.200,0.046,0.103,0.030,0.069
-8.718,36.900,0.164,0.324,0.122,0.226
-8.718,37.000,0.159,0.322,0.117,0.216
-8.718,37.100,0.153,0.325,0.112,0.207
-8.718,37.200,0.146,0.315,0.107,0.198
-8.718,37.300,0.139,0.288,0.101,0.187
-8.718,37.400,0.132,0.266,0.096,0.177
-8.718,37.500,0.125,0.248,0.091,0.168
-8.718,37.600,0.118,0.232,0.086,0.159
-8.718,37.700,0.114,0.220,0.083,0.152
-8.718,37.800,0.110,0.212,0.080,0.147
-8.718,37.900,0.108,0.209,0.079,0.145
-8.718,38.000,0.108,0.212,0.078,0.146
-8.718,38.100,0.111,0.219,0.079,0.150
-8.718,38.200,0.116,0.233,0.082,0.159
-8.718,38.300,0.120,0.244,0.084,0.167
-8.718,38.400,0.124,0.253,0.087,0.174
-8.718,38.500,0.127,0.263,0.089,0.181
-8.718,38.600,0.131,0.276,0.092,0.190
-8.718,38.700,0.136,0.291,0.095,0.201
-8.718,38.800,0.139,0.311,0.097,0.216
-8.718,38.900,0.140,0.335,0.098,0.235
-8.718,39.000,0.140,0.355,0.097,0.251
-8.718,39.100,0.137,0.363,0.095,0.257
-8.718,39.200,0.133,0.353,0.092,0.250
-8.718,39.300,0.129,0.330,0.089,0.232
-8.718,39.400,0.123,0.300,0.085,0.209
-8.718,39.500,0.114,0.273,0.079,0.190
-8.718,39.600,0.105,0.250,0.074,0.174
-8.718,39.700,0.098,0.234,0.069,0.162
-8.718,39.800,0.093,0.220,0.065,0.151
-8.718,39.900,0.088,0.207,0.062,0.142
-8.718,40.000,0.083,0.195,0.058,0.134
-8.718,40.100,0.080,0.186,0.056,0.128
-8.718,40.200,0.076,0.181,0.054,0.125
-8.718,40.300,0.074,0.176,0.051,0.121
-8.718,40.400,0.071,0.172,0.049,0.119
-8.718,40.500,0.069,0.168,0.048,0.116
-8.718,40.600,0.067,0.163,0.046,0.112
-8.718,40.700,0.065,0.159,0.044,0.110
-8.718,40.800,0.063,0.155,0.043,0.107
-8.718,40.900,0.061,0.151,0.041,0.103
-8.718,41.000,0.059,0.147,0.040,0.100
-8.718,41.100,0.058,0.142,0.039,0.096
-8.718,41.200,0.056,0.136,0.037,0.092
-8.718,41.300,0.054,0.130,0.036,0.088
-8.718,41.400,0.053,0.125,0.035,0.085
-8.718,41.500,0.052,0.121,0.034,0.082
-8.718,41.600,0.051,0.118,0.034,0.079
-8.718,41.700,0.050,0.115,0.033,0.077
-8.718,41.800,0.049,0.112,0.033,0.075
-8.718,41.900,0.049,0.109,0.032,0.073
-8.718,42.000,0.048,0.107,0.032,0.072
-8.718,42.100,0.047,0.106,0.031,0.071
-8.718,42.200,0.047,0.104,0.031,0.070
-8.618,36.900,0.164,0.322,0.120,0.223
-8.618,37.000,0.159,0.315,0.116,0.213
-8.618,37.100,0.154,0.314,0.111,0.204
-8.618,37.200,0.148,0.308,0.105,0.195
-8.618,37.300,0.140,0.290,0.100,0.184
-8.618,37.400,0.132,0.269,0.095,0.175
-8.618,37.500,0.125,0.249,0.090,0.166
-8.618,37.600,0.118,0.232,0.085,0.158
-8.618,37.700,0.113,0.219,0.082,0.150
-8.618,37.800,0.109,0.210,0.079,0.145
-8.618,37.900,0.106,0.206,0.077,0.142
-8.618,38.000,0.106,0.207,0.076,0.142
-8.618,38.100,0.108,0.214,0.077,0.146
-8.618,38.200,0.113,0.226,0.080,0.154
-8.618,38.300,0.117,0.237,0.082,0.162
-8.618,38.400,0.121,0.245,0.084,0.168
-8.618,38.500,0.124,0.254,0.086,0.175
-8.618,38.600,0.128,0.266,0.089,0.183
-8.618,38.700,0.132,0.280,0.092,0.193
-8.618,38.800,0.135,0.297,0.094,0.206
-8.618,38.900,0.137,0.319,0.096,0.222
-8.618,39.000,0.137,0.335,0.095,0.235
-8.618,39.100,0.135,0.345,0.093,0.243
-8.618,39.200,0.132,0.350,0.091,0.247
-8.618,39.300,0.128,0.339,0.088,0.239
-8.618,39.400,0.122,0.311,0.084,0.218
-8.618,39.500,0.114,0.280,0.079,0.195
-8.618,39.600,0.105,0.253,0.073,0.176
-8.618,39.700,0.099,0.237,0.069,0.163
-8.618,39.800,0.093,0.223,0.065,0.153
-8.618,39.900,0.088,0.212,0.062,0.145
-8.618,40.000,0.084,0.202,0.059,0.138
-8.618,40.100,0.080,0.194,0.056,0.134
-8.618,40.200,0.077,0.189,0.054,0.130
-8.618,40.300,0.074,0.185,0.052,0.128
-8.618,40.400,0.072,0.181,0.050,0.125
-8.618,40.500,0.069,0.176,0.048,0.122
-8.618,40.600,0.067,0.172,0.046,0.119
-8.618,40.700,0.065,0.168,0.045,0.116
-8.618,40.800,0.063,0.164,0.043,0.113
-8.618,40.900,0.061,0.158,0.042,0.109
-8.618,41.000,0.059,0.153,0.040,0.105
-8.618,41.100,0.058,0.147,0.039,0.100
-8.618,41.200,0.056,0.140,0.038,0.096
-8.618,41.300,0.055,0.134,0.037,0.091
-8.618,41.400,0.054,0.128,0.036,0.087
-8.618,41.500,0.052,0.124,0.035,0.084
-8.618,41.600,0.051,0.120,0.034,0.081
-8.618,41.700,0.051,0.117,0.034,0.079
-8.618,41.800,0.050,0.114,0.033,0.076
-8.618,41.900,0.049,0.111,0.033,0.075
-8.618,42.000,0.049,0.109,0.032,0.073
-8.618,42.100,0.048,0.107,0.032,0.072
-8.618,42.200,0.047,0.106,0.031,0.071
-8.518,36.900,0.165,0.324,0.119,0.221
-8.518,37.000,0.160,0.314,0.115,0.211
-8.518,37.100,0.155,0.312,0.109,0.201
-8.518,37.200,0.148,0.307,0.104,0.192
-8.518,37.300,0.140,0.287,0.099,0.182
-8.518,37.400,0.132,0.266,0.094,0.173
-8.518,37.500,0.124,0.248,0.089,0.165
-8.518,37.600,0.118,0.232,0.085,0.156
-8.518,37.700,0.113,0.219,0.081,0.149
-8.518,37.800,0.108,0.209,0.078,0.143
-8.518,37.900,0.105,0.204,0.076,0.140
-8.518,38.000,0.105,0.204,0.075,0.139
-8.518,38.100,0.106,0.210,0.075,0.143
-8.518,38.200,0.111,0.221,0.078,0.150
-8.518,38.300,0.114,0.230,0.080,0.156
-8.518,38.400,0.117,0.238,0.082,0.163
-8.518,38.500,0.120,0.246,0.084,0.169
-8.518,38.600,0.124,0.256,0.086,0.176
-8.518,38.700,0.128,0.269,0.089,0.185
-8.518,38.800,0.131,0.284,0.091,0.196
-8.518,38.900,0.132,0.297,0.092,0.206
-8.518,39.000,0.132,0.307,0.092,0.214
-8.518,39.100,0.131,0.314,0.090,0.220
-8.518,39.200,0.128,0.327,0.088,0.230
-8.518,39.300,0.125,0.331,0.086,0.234
-8.518,39.400,0.120,0.314,0.082,0.220
-8.518,39.500,0.112,0.281,0.077,0.196
-8.518,39.600,0.104,0.252,0.072,0.175
-8.518,39.700,0.098,0.235,0.068,0.162
-8.518,39.800,0.093,0.223,0.065,0.153
-8.518,39.900,0.088,0.215,0.061,0.147
-8.518,40.000,0.083,0.207,0.058,0.142
-8.518,40.100,0.080,0.202,0.056,0.139
-8.518,40.200,0.077,0.198,0.054,0.137
-8.518,40.300,0.074,0.195,0.052,0.134
-8.518,40.400,0.072,0.191,0.050,0.132
-8.518,40.500,0.070,0.186,0.048,0.129
-8.518,40.600,0.067,0.181,0.046,0.125
-8.518,40.700,0.065,0.177,0.045,0.122
-8.518,40.800,0.063,0.172,0.043,0.119
-8.518,40.900,0.061,0.166,0.042,0.114
-8.518,41.000,0.060,0.160,0.040,0.109
-8.518,41.100,0.058,0.152,0.039,0.104
-8.518,41.200,0.057,0.145,0.038,0.099
-8.518,41.300,0.055,0.137,0.037,0.094
-8.518,41.400,0.054,0.131,0.036,0.089
-8.518,41.500,0.053,0.126,0.035,0.086
-8.518,41.600,0.052,0.122,0.035,0.083
-8.518,41.700,0.051,0.119,0.034,0.080
-8.518,41.800,0.050,0.116,0.033,0.078
-8.518,41.900,0.049,0.113,0.033,0.076
-8.518,42.000,0.049,0.111,0.032,0.074
-8.518,42.100,0.048,0.109,0.032,0.073
-8.518,42.200,0.048,0.107,0.031,0.071
-8.418,36.900,0.166,0.328,0.119,0.222
-8.418,37.000,0.162,0.319,0.114,0.211
-8.418,37.100,0.156,0.321,0.109,0.200
-8.418,37.200,0.149,0.314,0.103,0.190
-8.418,37.300,0.140,0.286,0.098,0.181
-8.418,37.400,0.132,0.264,0.093,0.172
-8.418,37.500,0.124,0.246,0.088,0.163
-8.418,37.600,0.117,0.230,0.083,0.154
-8.418,37.700,0.112,0.217,0.080,0.147
-8.418,37.800,0.107,0.207,0.077,0.141
-8.418,37.900,0.104,0.201,0.074,0.137
-8.418,38.000,0.103,0.201,0.073,0.137
-8.418,38.100,0.104,0.205,0.074,0.139
-8.418,38.200,0.108,0.215,0.075,0.145
-8.418,38.300,0.111,0.222,0.077,0.151
-8.418,38.400,0.113,0.229,0.079,0.155
-8.418,38.500,0.116,0.236,0.081,0.161
-8.418,38.600,0.119,0.245,0.083,0.168
-8.418,38.700,0.123,0.255,0.085,0.175
-8.418,38.800,0.125,0.265,0.086,0.182
-8.418,38.900,0.126,0.274,0.087,0.189
-8.418,39.000,0.126,0.280,0.087,0.193
-8.418,39.100,0.125,0.285,0.086,0.197
-8.418,39.200,0.123,0.296,0.084,0.206
-8.418,39.300,0.120,0.304,0.082,0.213
-8.418,39.400,0.116,0.298,0.079,0.208
-8.418,39.500,0.108,0.272,0.075,0.189
-8.418,39.600,0.101,0.245,0.070,0.170
-8.418,39.700,0.095,0.229,0.067,0.157
-8.418,39.800,0.091,0.219,0.064,0.150
-8.418,39.900,0.087,0.213,0.061,0.146
-8.418,40.000,0.083,0.209,0.058,0.143
-8.418,40.100,0.079,0.207,0.056,0.142
-8.418,40.200,0.076,0.205,0.053,0.142
-8.418,40.300,0.074,0.204,0.051,0.141
-8.418,40.400,0.071,0.201,0.049,0.139
-8.418,40.500,0.069,0.196,0.048,0.136
-8.418,40.600,0.067,0.191,0.046,0.132
-8.418,40.700,0.065,0.187,0.045,0.129
-8.418,40.800,0.063,0.181,0.043,0.124
-8.418,40.900,0.061,0.173,0.042,0.119
-8.418,41.000,0.059,0.165,0.040,0.113
-8.418,41.100,0.058,0.157,0.039,0.108
-8.418,41.200,0.056,0.149,0.038,0.102
-8.418,41.300,0.055,0.141,0.037,0.096
-8.418,41.400,0.054,0.134,0.036,0.092
-8.418,41.500,0.053,0.129,0.035,0.088
-8.418,41.600,0.052,0.124,0.035,0.084
-8.418,41.700,0.051,0.121,0.034,0.082
-8.418,41.800,0.050,0.117,0.033,0.079
-8.418,41.900,0.050,0.115,0.033,0.077
-8.418,42.000,0.049,0.112,0.033,0.075
-8.418,42.100,0.049,0.110,0.032,0.074
-8.418,42.200,0.048,0.108,0.032,0.072
-8.318,36.900,0.169,0.335,0.119,0.224
-8.318,37.000,0.165,0.335,0.114,0.211
-8.318,37.100,0.157,0.343,0.108,0.200
-8.318,37.200,0.150,0.325,0.103,0.191
-8.318,37.300,0.141,0.289,0.097,0.180
-8.318,37.400,0.131,0.262,0.092,0.170
-8.318,37.500,0.123,0.242,0.087,0.161
-8.318,37.600,0.117,0.228,0.082,0.153
-8.318,37.700,0.110,0.215,0.078,0.145
-8.318,37.800,0.105,0.205,0.075,0.139
-8.318,37.900,0.102,0.199,0.073,0.135
-8.318,38.000,0.101,0.197,0.072,0.134
-8.318,38.100,0.101,0.200,0.071,0.135
-8.318,38.200,0.104,0.207,0.072,0.139
-8.318,38.300,0.106,0.213,0.074,0.144
-8.318,38.400,0.108,0.218,0.075,0.148
-8.318,38.500,0.110,0.224,0.077,0.152
-8.318,38.600,0.113,0.230,0.078,0.157
-8.318,38.700,0.115,0.238,0.080,0.163
-8.318,38.800,0.117,0.245,0.081,0.168
-8.318,38.900,0.117,0.250,0.082,0.172
-8.318,39.000,0.117,0.254,0.081,0.175
-8.318,39.100,0.117,0.259,0.081,0.179
-8.318,39.200,0.115,0.265,0.079,0.183
-8.318,39.300,0.113,0.270,0.078,0.188
-8.318,39.400,0.109,0.270,0.075,0.187
-8.318,39.500,0.103,0.252,0.071,0.175
-8.318,39.600,0.097,0.232,0.068,0.160
-8.318,39.700,0.092,0.219,0.065,0.150
-8.318,39.800,0.089,0.211,0.062,0.145
-8.318,39.900,0.085,0.207,0.059,0.142
-8.318,40.000,0.081,0.206,0.057,0.141
-8.318,40.100,0.078,0.207,0.055,0.142
-8.318,40.200,0.075,0.207,0.053,0.143
-8.318,40.300,0.073,0.207,0.051,0.143
-8.318,40.400,0.071,0.206,0.049,0.143
-8.318,40.500,0.068,0.203,0.047,0.141
-8.318,40.600,0.066,0.199,0.046,0.138
-8.318,40.700,0.064,0.194,0.044,0.134
-8.318,40.800,0.063,0.187,0.043,0.129
-8.318,40.900,0.061,0.179,0.042,0.123
-8.318,41.000,0.059,0.170,0.040,0.117
-8.318,41.100,0.057,0.161,0.039,0.111
-8.318,41.200,0.056,0.152,0.038,0.104
-8.318,41.300,0.055,0.144,0.037,0.099
-8.318,41.400,0.054,0.137,0.036,0.094
-8.318,41.500,0.053,0.131,0.035,0.089
-8.318,41.600,0.052,0.126,0.035,0.086
-8.318,41.700,0.051,0.122,0.034,0.083
-8.318,41.800,0.050,0.119,0.034,0.081
-8.318,41.900,0.050,0.116,0.033,0.078
-8.318,42.000,0.049,0.114,0.033,0.076
-8.318,42.100,0.049,0.111,0.032,0.075
-8.318,42.200,0.048,0.109,0.032,0.073
-8.218,36.900,0.172,0.344,0.119,0.227
-8.218,37.000,0.167,0.352,0.114,0.212
-8.218,37.100,0.159,0.367,0.108,0.201
-8.218,37.200,0.151,0.331,0.103,0.190
-8.218,37.300,0.141,0.286,0.097,0.179
-8.218,37.400,0.131,0.258,0.091,0.169
-8.218,37.500,0.122,0.240,0.086,0.160
-8.218,37.600,0.115,0.225,0.081,0.151
-8.218,37.700,0.109,0.213,0.077,0.144
-8.218,37.800,0.104,0.203,0.074,0.137
-8.218,37.900,0.100,0.196,0.071,0.132
-8.218,38.000,0.099,0.193,0.070,0.131
-8.218,38.100,0.098,0.194,0.069,0.131
-8.218,38.200,0.099,0.197,0.070,0.133
-8.218,38.300,0.101,0.202,0.070,0.137
-8.218,38.400,0.102,0.205,0.071,0.139
-8.218,38.500,0.104,0.209,0.072,0.142
-8.218,38.600,0.105,0.213,0.073,0.145
-8.218,38.700,0.106,0.217,0.074,0.149
-8.218,38.800,0.107,0.222,0.075,0.152
-8.218,38.900,0.108,0.226,0.076,0.155
-8.218,39.000,0.108,0.229,0.075,0.158
-8.218,39.100,0.107,0.234,0.075,0.161
-8.218,39.200,0.105,0.238,0.074,0.164
-8.218,39.300,0.104,0.241,0.072,0.167
-8.218,39.400,0.101,0.240,0.070,0.166
-8.218,39.500,0.096,0.229,0.068,0.158
-8.218,39.600,0.092,0.217,0.065,0.149
-8.218,39.700,0.088,0.207,0.062,0.142
-8.218,39.800,0.085,0.201,0.060,0.138
-8.218,39.900,0.082,0.199,0.058,0.136
-8.218,40.000,0.079,0.199,0.056,0.137
-8.218,40.100,0.076,0.201,0.054,0.139
-8.218,40.200,0.074,0.204,0.052,0.141
-8.218,40.300,0.072,0.204,0.050,0.141
-8.218,40.400,0.069,0.205,0.048,0.142
-8.218,40.500,0.067,0.204,0.047,0.142
-8.218,40.600,0.065,0.202,0.045,0.141
-8.218,40.700,0.064,0.198,0.044,0.137
-8.218,40.800,0.062,0.190,0.042,0.132
-8.218,40.900,0.060,0.181,0.041,0.126
-8.218,41.000,0.058,0.172,0.040,0.119
-8.218,41.100,0.057,0.164,0.039,0.113
-8.218,41.200,0.056,0.155,0.038,0.107
-8.218,41.300,0.054,0.147,0.037,0.101
-8.218,41.400,0.053,0.140,0.036,0.096
-8.218,41.500,0.052,0.133,0.035,0.091
-8.218,41.600,0.052,0.128,0.035,0.087
-8.218,41.700,0.051,0.124,0.034,0.084
-8.218,41.800,0.050,0.121,0.034,0.082
-8.218,41.900,0.050,0.118,0.033,0.079
-8.218,42.000,0.049,0.115,0.033,0.077
-8.218,42.100,0.049,0.112,0.032,0.075
-8.218,42.200,0.048,0.110,0.032,0.074
-8.118,36.900,0.174,0.349,0.120,0.229
-8.118,37.000,0.168,0.354,0.114,0.214
-8.118,37.100,0.159,0.358,0.108,0.201
-8.118,37.200,0.151,0.319,0.102,0.189
-8.118,37.300,0.140,0.278,0.096,0.178
-8.118,37.400,0.130,0.255,0.090,0.169
-8.118,37.500,0.121,0.238,0.085,0.159
-8.118,37.600,0.115,0.224,0.081,0.150
-8.118,37.700,0.108,0.212,0.076,0.142
-8.118,37.800,0.103,0.201,0.073,0.135
-8.118,37.900,0.098,0.192,0.070,0.129
-8.118,38.000,0.096,0.189,0.068,0.127
-8.118,38.100,0.095,0.188,0.067,0.127
-8.118,38.200,0.095,0.190,0.067,0.128
-8.118,38.300,0.096,0.191,0.067,0.129
-8.118,38.400,0.097,0.194,0.068,0.132
-8.118,38.500,0.098,0.197,0.068,0.134
-8.118,38.600,0.098,0.199,0.069,0.136
-8.118,38.700,0.099,0.202,0.070,0.138
-8.118,38.800,0.100,0.204,0.070,0.140
-8.118,38.900,0.100,0.207,0.070,0.142
-8.118,39.000,0.100,0.209,0.070,0.144
-8.118,39.100,0.099,0.212,0.070,0.146
-8.118,39.200,0.098,0.215,0.069,0.148
-8.118,39.300,0.096,0.217,0.068,0.149
-8.118,39.400,0.094,0.215,0.066,0.148
-8.118,39.500,0.091,0.210,0.064,0.144
-8.118,39.600,0.088,0.202,0.062,0.139
-8.118,39.700,0.085,0.196,0.060,0.134
-8.118,39.800,0.083,0.193,0.058,0.132
-8.118,39.900,0.080,0.191,0.056,0.131
-8.118,40.000,0.077,0.192,0.054,0.132
-8.118,40.100,0.075,0.194,0.052,0.133
-8.118,40.200,0.072,0.197,0.051,0.136
-8.118,40.300,0.070,0.198,0.049,0.137
-8.118,40.400,0.068,0.200,0.048,0.138
-8.118,40.500,0.066,0.200,0.046,0.139
-8.118,40.600,0.064,0.199,0.045,0.139
-8.118,40.700,0.063,0.196,0.043,0.137
-8.118,40.800,0.061,0.190,0.042,0.132
-8.118,40.900,0.059,0.183,0.041,0.127
-8.118,41.000,0.058,0.174,0.039,0.121
-8.118,41.100,0.056,0.166,0.038,0.115
-8.118,41.200,0.055,0.158,0.037,0.109
-8.118,41.300,0.054,0.150,0.037,0.103
-8.118,41.400,0.053,0.143,0.036,0.098
-8.118,41.500,0.052,0.136,0.035,0.093
-8.118,41.600,0.051,0.130,0.034,0.089
-8.118,41.700,0.051,0.126,0.034,0.085
-8.118,41.800,0.050,0.122,0.034,0.083
-8.118,41.900,0.050,0.119,0.033,0.080
-8.118,42.000,0.049,0.116,0.033,0.078
-8.118,42.100,0.049,0.114,0.032,0.076
-8.118,42.200,0.048,0.111,0.032,0.074
-8.018,36.900,0.174,0.351,0.120,0.230
-8.018,37.000,0.167,0.353,0.115,0.215
-8.018,37.100,0.159,0.348,0.108,0.202
-8.018,37.200,0.150,0.314,0.102,0.190
-8.018,37.300,0.139,0.275,0.095,0.179
-8.018,37.400,0.130,0.254,0.090,0.169
-8.018,37.500,0.121,0.236,0.084,0.158
-8.018,37.600,0.113,0.222,0.080,0.149
-8.018,37.700,0.107,0.210,0.075,0.141
-8.018,37.800,0.101,0.199,0.071,0.134
-8.018,37.900,0.097,0.190,0.068,0.127
-8.018,38.000,0.094,0.186,0.066,0.125
-8.018,38.100,0.093,0.184,0.065,0.124
-8.018,38.200,0.092,0.183,0.065,0.124
-8.018,38.300,0.092,0.184,0.064,0.124
-8.018,38.400,0.092,0.186,0.065,0.126
-8.018,38.500,0.093,0.187,0.065,0.127
-8.018,38.600,0.093,0.188,0.065,0.128
-8.018,38.700,0.094,0.190,0.066,0.129
-8.018,38.800,0.094,0.191,0.066,0.131
-8.018,38.900,0.094,0.193,0.066,0.132
-8.018,39.000,0.094,0.195,0.066,0.133
-8.018,39.100,0.093,0.197,0.065,0.135
-8.018,39.200,0.092,0.198,0.065,0.136
-8.018,39.300,0.091,0.199,0.064,0.137
-8.018,39.400,0.089,0.198,0.062,0.136
-8.018,39.500,0.086,0.195,0.061,0.133
-8.018,39.600,0.084,0.190,0.059,0.130
-8.018,39.700,0.082,0.187,0.058,0.128
-8.018,39.800,0.080,0.184,0.056,0.126
-8.018,39.900,0.077,0.184,0.055,0.125
-8.018,40.000,0.075,0.185,0.053,0.126
-8.018,40.100,0.073,0.187,0.051,0.128
-8.018,40.200,0.071,0.189,0.050,0.130
-8.018,40.300,0.069,0.192,0.048,0.132
-8.018,40.400,0.067,0.193,0.047,0.133
-8.018,40.500,0.065,0.193,0.045,0.134
-8.018,40.600,0.063,0.194,0.044,0.135
-8.018,40.700,0.062,0.193,0.043,0.134
-8.018,40.800,0.060,0.189,0.041,0.131
-8.018,40.900,0.058,0.183,0.040,0.127
-8.018,41.000,0.057,0.176,0.039,0.122
-8.018,41.100,0.056,0.169,0.038,0.117
-8.018,41.200,0.054,0.161,0.037,0.111
-8.018,41.300,0.053,0.154,0.036,0.105
-8.018,41.400,0.052,0.146,0.036,0.100
-8.018,41.500,0.052,0.139,0.035,0.095
-8.018,41.600,0.051,0.133,0.034,0.090
-8.018,41.700,0.050,0.128,0.034,0.087
-8.018,41.800,0.050,0.124,0.033,0.084
-8.018,41.900,0.050,0.120,0.033,0.081
-8.018,42.000,0.049,0.117,0.033,0.079
-8.018,42.100,0.049,0.114,0.032,0.077
-8.018,42.200,0.048,0.112,0.032,0.075
-7.918,36.900,0.174,0.351,0.120,0.231
-7.918,37.000,0.167,0.348,0.115,0.216
-7.918,37.100,0.158,0.343,0.108,0.203
-7.918,37.200,0.149,0.312,0.102,0.191
-7.918,37.300,0.139,0.276,0.095,0.179
-7.918,37.400,0.129,0.253,0.089,0.168
-7.918,37.500,0.119,0.235,0.083,0.157
-7.918,37.600,0.112,0.220,0.078,0.147
-7.918,37.700,0.105,0.208,0.074,0.139
-7.918,37.800,0.100,0.197,0.070,0.131
-7.918,37.900,0.094,0.187,0.067,0.125
-7.918,38.000,0.091,0.181,0.064,0.121
-7.918,38.100,0.089,0.178,0.063,0.119
-7.918,38.200,0.089,0.178,0.063,0.120
-7.918,38.300,0.089,0.178,0.062,0.120
-7.918,38.400,0.088,0.178,0.062,0.120
-7.918,38.500,0.089,0.179,0.062,0.121
-7.918,38.600,0.089,0.180,0.062,0.122
-7.918,38.700,0.089,0.180,0.062,0.123
-7.918,38.800,0.088,0.180,0.062,0.123
-7.918,38.900,0.089,0.182,0.062,0.124
-7.918,39.000,0.089,0.183,0.062,0.125
-7.918,39.100,0.088,0.185,0.062,0.126
-7.918,39.200,0.087,0.185,0.061,0.127
-7.918,39.300,0.086,0.185,0.060,0.126
-7.918,39.400,0.084,0.185,0.059,0.126
-7.918,39.500,0.083,0.183,0.058,0.125
-7.918,39.600,0.081,0.180,0.057,0.123
-7.918,39.700,0.079,0.178,0.056,0.121
-7.918,39.800,0.077,0.177,0.054,0.120
-7.918,39.900,0.075,0.177,0.053,0.120
-7.918,40.000,0.073,0.178,0.051,0.121
-7.918,40.100,0.071,0.180,0.050,0.123
-7.918,40.200,0.069,0.183,0.048,0.125
-7.918,40.300,0.067,0.185,0.047,0.127
-7.918,40.400,0.066,0.186,0.046,0.129
-7.918,40.500,0.064,0.187,0.045,0.129
-7.918,40.600,0.062,0.188,0.043,0.130
-7.918,40.700,0.061,0.188,0.042,0.130
-7.918,40.800,0.059,0.186,0.041,0.128
-7.918,40.900,0.057,0.182,0.040,0.126
-7.918,41.000,0.056,0.177,0.038,0.122
-7.918,41.100,0.055,0.171,0.037,0.118
-7.918,41.200,0.054,0.164,0.037,0.113
-7.918,41.300,0.053,0.157,0.036,0.107
-7.918,41.400,0.052,0.149,0.035,0.102
-7.918,41.500,0.051,0.142,0.034,0.097
-7.918,41.600,0.050,0.135,0.034,0.092
-7.918,41.700,0.050,0.130,0.033,0.088
-7.918,41.800,0.050,0.125,0.033,0.085
-7.918,41.900,0.049,0.121,0.033,0.082
-7.918,42.000,0.049,0.118,0.032,0.079
-7.918,42.100,0.048,0.115,0.032,0.077
-7.918,42.200,0.048,0.112,0.032,0.075
-7.818,36.900,0.174,0.352,0.121,0.233
-7.818,37.000,0.166,0.343,0.115,0.218
-7.818,37.100,0.157,0.332,0.108,0.204
-7.818,37.200,0.148,0.305,0.101,0.191
-7.818,37.300,0.137,0.274,0.094,0.179
-7.818,37.400,0.127,0.251,0.088,0.167
-7.818,37.500,0.118,0.233,0.082,0.155
-7.818,37.600,0.110,0.217,0.077,0.145
-7.818,37.700,0.103,0.205,0.073,0.137
-7.818,37.800,0.098,0.193,0.069,0.129
-7.818,37.900,0.092,0.183,0.065,0.122
-7.818,38.000,0.089,0.177,0.063,0.118
-7.818,38.100,0.087,0.173,0.061,0.115
-7.818,38.200,0.086,0.171,0.060,0.114
-7.818,38.300,0.085,0.170,0.059,0.114
-7.818,38.400,0.084,0.170,0.059,0.114
-7.818,38.500,0.084,0.170,0.059,0.114
-7.818,38.600,0.084,0.170,0.059,0.115
-7.818,38.700,0.084,0.171,0.059,0.116
-7.818,38.800,0.084,0.171,0.059,0.116
-7.818,38.900,0.084,0.172,0.059,0.117
-7.818,39.000,0.084,0.173,0.059,0.118
-7.818,39.100,0.083,0.174,0.059,0.118
-7.818,39.200,0.082,0.174,0.058,0.119
-7.818,39.300,0.081,0.174,0.057,0.119
-7.818,39.400,0.080,0.174,0.057,0.119
-7.818,39.500,0.079,0.173,0.056,0.118
-7.818,39.600,0.077,0.171,0.055,0.116
-7.818,39.700,0.076,0.170,0.053,0.115
-7.818,39.800,0.074,0.170,0.052,0.115
-7.818,39.900,0.073,0.170,0.051,0.116
-7.818,40.000,0.071,0.171,0.050,0.117
-7.818,40.100,0.069,0.173,0.048,0.118
-7.818,40.200,0.067,0.176,0.047,0.120
-7.818,40.300,0.066,0.179,0.046,0.122
-7.818,40.400,0.064,0.180,0.045,0.124
-7.818,40.500,0.063,0.181,0.044,0.125
-7.818,40.600,0.061,0.182,0.042,0.126
-7.818,40.700,0.060,0.182,0.041,0.126
-7.818,40.800,0.058,0.181,0.040,0.125
-7.818,40.900,0.057,0.179,0.039,0.123
-7.818,41.000,0.055,0.175,0.038,0.121
-7.818,41.100,0.054,0.171,0.037,0.117
-7.818,41.200,0.053,0.165,0.036,0.113
-7.818,41.300,0.052,0.159,0.035,0.109
-7.818,41.400,0.051,0.152,0.035,0.103
-7.818,41.500,0.050,0.144,0.034,0.098
-7.818,41.600,0.050,0.137,0.034,0.093
-7.818,41.700,0.049,0.131,0.033,0.089
-7.818,41.800,0.049,0.126,0.033,0.085
-7.818,41.900,0.049,0.122,0.032,0.082
-7.818,42.000,0.048,0.118,0.032,0.080
-7.818,42.100,0.048,0.115,0.032,0.077
-7.818,42.200,0.048,0.113,0.031,0.075
-7.718,36.900,0.174,0.352,0.121,0.234
-7.718,37.000,0.165,0.338,0.114,0.218
-7.718,37.100,0.155,0.322,0.107,0.204
-7.718,37.200,0.146,0.300,0.100,0.191
-7.718,37.300,0.136,0.272,0.093,0.178
-7.718,37.400,0.126,0.249,0.087,0.166
-7.718,37.500,0.116,0.229,0.081,0.152
-7.718,37.600,0.108,0.212,0.076,0.142
-7.718,37.700,0.101,0.200,0.071,0.133
-7.718,37.800,0.095,0.189,0.067,0.126
-7.718,37.900,0.090,0.178,0.064,0.119
-7.718,38.000,0.087,0.173,0.061,0.115
-7.718,38.100,0.084,0.168,0.059,0.112
-7.718,38.200,0.083,0.165,0.058,0.110
-7.718,38.300,0.082,0.164,0.057,0.109
-7.718,38.400,0.081,0.163,0.057,0.109
-7.718,38.500,0.081,0.162,0.057,0.109
-7.718,38.600,0.080,0.162,0.056,0.109
-7.718,38.700,0.080,0.162,0.056,0.109
-7.718,38.800,0.080,0.162,0.056,0.109
-7.718,38.900,0.080,0.163,0.056,0.110
-7.718,39.000,0.079,0.163,0.056,0.110
-7.718,39.100,0.079,0.164,0.056,0.111
-7.718,39.200,0.078,0.164,0.055,0.111
-7.718,39.300,0.078,0.165,0.055,0.112
-7.718,39.400,0.076,0.165,0.054,0.111
-7.718,39.500,0.075,0.164,0.053,0.111
-7.718,39.600,0.074,0.163,0.052,0.110
-7.718,39.700,0.073,0.162,0.051,0.110
-7.718,39.800,0.071,0.163,0.050,0.110
-7.718,39.900,0.070,0.163,0.049,0.110
-7.718,40.000,0.068,0.164,0.048,0.111
-7.718,40.100,0.067,0.166,0.047,0.113
-7.718,40.200,0.066,0.169,0.046,0.115
-7.718,40.300,0.064,0.172,0.045,0.117
-7.718,40.400,0.063,0.174,0.044,0.119
-7.718,40.500,0.061,0.176,0.043,0.121
-7.718,40.600,0.060,0.177,0.041,0.122
-7.718,40.700,0.058,0.177,0.040,0.122
-7.718,40.800,0.057,0.177,0.039,0.122
-7.718,40.900,0.055,0.175,0.038,0.121
-7.718,41.000,0.054,0.172,0.037,0.119
-7.718,41.100,0.053,0.169,0.036,0.117
-7.718,41.200,0.052,0.166,0.036,0.114
-7.718,41.300,0.051,0.160,0.035,0.109
-7.718,41.400,0.050,0.153,0.034,0.104
-7.718,41.500,0.050,0.146,0.034,0.099
-7.718,41.600,0.049,0.139,0.033,0.094
-7.718,41.700,0.049,0.132,0.033,0.090
-7.718,41.800,0.048,0.126,0.032,0.085
-7.718,41.900,0.048,0.122,0.032,0.082
-7.718,42.000,0.047,0.118,0.032,0.079
-7.718,42.100,0.047,0.115,0.031,0.077
-7.718,42.200,0.047,0.112,0.031,0.075
-7.618,36.900,0.173,0.352,0.120,0.235
-7.618,37.000,0.163,0.333,0.113,0.218
-7.618,37.100,0.154,0.317,0.106,0.204
-7.618,37.200,0.144,0.298,0.100,0.192
-7.618,37.300,0.134,0.270,0.093,0.177
-7.618,37.400,0.124,0.247,0.086,0.164
-7.618,37.500,0.114,0.225,0.080,0.150
-7.618,37.600,0.105,0.208,0.074,0.139
-7.618,37.700,0.099,0.196,0.069,0.131
-7.618,37.800,0.093,0.184,0.065,0.123
-7.618,37.900,0.088,0.175,0.062,0.117
-7.618,38.000,0.084,0.168,0.060,0.112
-7.618,38.100,0.082,0.163,0.058,0.109
-7.618,38.200,0.080,0.160,0.056,0.107
-7.618,38.300,0.079,0.158,0.056,0.105
-7.618,38.400,0.078,0.157,0.055,0.105
-7.618,38.500,0.077,0.156,0.054,0.104
-7.618,38.600,0.077,0.155,0.054,0.104
-7.618,38.700,0.077,0.155,0.054,0.104
-7.618,38.800,0.076,0.154,0.054,0.104
-7.618,38.900,0.076,0.155,0.053,0.105
-7.618,39.000,0.076,0.155,0.053,0.105
-7.618,39.100,0.075,0.156,0.053,0.105
-7.618,39.200,0.075,0.156,0.053,0.105
-7.618,39.300,0.074,0.156,0.052,0.106
-7.618,39.400,0.073,0.156,0.052,0.106
-7.618,39.500,0.072,0.156,0.051,0.105
-7.618,39.600,0.071,0.155,0.050,0.105
-7.618,39.700,0.070,0.155,0.049,0.105
-7.618,39.800,0.069,0.156,0.049,0.105
-7.618,39.900,0.068,0.156,0.048,0.106
-7.618,40.000,0.066,0.158,0.047,0.107
-7.618,40.100,0.065,0.160,0.046,0.108
-7.618,40.200,0.064,0.163,0.045,0.110
-7.618,40.300,0.063,0.166,0.044,0.112
-7.618,40.400,0.061,0.168,0.043,0.114
-7.618,40.500,0.060,0.170,0.042,0.116
-7.618,40.600,0.058,0.172,0.040,0.118
-7.618,40.700,0.057,0.173,0.039,0.119
-7.618,40.800,0.056,0.173,0.038,0.119
-7.618,40.900,0.054,0.171,0.037,0.118
-7.618,41.000,0.053,0.169,0.037,0.117
-7.618,41.100,0.052,0.167,0.036,0.115
-7.618,41.200,0.051,0.164,0.035,0.113
-7.618,41.300,0.050,0.160,0.034,0.109
-7.618,41.400,0.050,0.154,0.034,0.105
-7.618,41.500,0.049,0.147,0.033,0.100
-7.618,41.600,0.048,0.139,0.033,0.095
-7.618,41.700,0.048,0.132,0.032,0.090
-7.618,41.800,0.047,0.126,0.032,0.085
-7.618,41.900,0.047,0.121,0.031,0.082
-7.618,42.000,0.046,0.117,0.031,0.079
-7.618,42.100,0.046,0.114,0.031,0.076
-7.618,42.200,0.046,0.111,0.031,0.074
-7.518,36.900,0.172,0.351,0.120,0.236
-7.518,37.000,0.162,0.331,0.113,0.220
-7.518,37.100,0.152,0.316,0.106,0.204
-7.518,37.200,0.142,0.296,0.099,0.192
-7.518,37.300,0.132,0.269,0.091,0.176
-7.518,37.400,0.122,0.244,0.085,0.162
-7.518,37.500,0.112,0.221,0.078,0.147
-7.518,37.600,0.103,0.204,0.073,0.136
-7.518,37.700,0.097,0.191,0.068,0.128
-7.518,37.800,0.091,0.180,0.064,0.120
-7.518,37.900,0.086,0.171,0.061,0.114
-7.518,38.000,0.082,0.164,0.058,0.109
-7.518,38.100,0.080,0.159,0.056,0.106
-7.518,38.200,0.078,0.156,0.055,0.104
-7.518,38.300,0.076,0.153,0.054,0.102
-7.518,38.400,0.075,0.152,0.053,0.101
-7.518,38.500,0.075,0.150,0.052,0.101
-7.518,38.600,0.074,0.149,0.052,0.100
-7.518,38.700,0.074,0.149,0.051,0.100
-7.518,38.800,0.073,0.148,0.051,0.100
-7.518,38.900,0.073,0.149,0.051,0.100
-7.518,39.000,0.073,0.149,0.051,0.100
-7.518,39.100,0.072,0.149,0.051,0.100
-7.518,39.200,0.072,0.149,0.050,0.101
-7.518,39.300,0.071,0.149,0.050,0.101
-7.518,39.400,0.070,0.149,0.049,0.101
-7.518,39.500,0.069,0.149,0.049,0.100
-7.518,39.600,0.069,0.149,0.048,0.100
-7.518,39.700,0.068,0.149,0.047,0.100
-7.518,39.800,0.067,0.150,0.047,0.101
-7.518,39.900,0.066,0.150,0.046,0.101
-7.518,40.000,0.064,0.152,0.045,0.102
-7.518,40.100,0.063,0.154,0.044,0.104
-7.518,40.200,0.062,0.156,0.043,0.106
-7.518,40.300,0.061,0.159,0.042,0.108
-7.518,40.400,0.060,0.162,0.041,0.110
-7.518,40.500,0.058,0.164,0.040,0.111
-7.518,40.600,0.057,0.166,0.040,0.114
-7.518,40.700,0.056,0.168,0.039,0.115
-7.518,40.800,0.055,0.168,0.038,0.116
-7.518,40.900,0.053,0.167,0.037,0.115
-7.518,41.000,0.052,0.166,0.036,0.114
-7.518,41.100,0.051,0.164,0.035,0.113
-7.518,41.200,0.050,0.162,0.034,0.111
-7.518,41.300,0.049,0.158,0.034,0.108
-7.518,41.400,0.049,0.153,0.033,0.104
-7.518,41.500,0.048,0.147,0.033,0.100
-7.518,41.600,0.047,0.140,0.032,0.095
-7.518,41.700,0.047,0.133,0.032,0.090
-7.518,41.800,0.046,0.126,0.031,0.085
-7.518,41.900,0.046,0.121,0.031,0.082
-7.518,42.000,0.046,0.117,0.031,0.079
-7.518,42.100,0.045,0.113,0.030,0.076
-7.518,42.200,0.045,0.110,0.030,0.074
-7.418,36.900,0.171,0.350,0.119,0.236
-7.418,37.000,0.161,0.329,0.112,0.220
-7.418,37.100,0.150,0.313,0.105,0.204
-7.418,37.200,0.141,0.293,0.098,0.191
-7.418,37.300,0.130,0.266,0.090,0.174
-7.418,37.400,0.120,0.241,0.084,0.159
-7.418,37.500,0.110,0.217,0.077,0.144
-7.418,37.600,0.101,0.199,0.071,0.133
-7.418,37.700,0.094,0.187,0.066,0.124
-7.418,37.800,0.089,0.176,0.062,0.117
-7.418,37.900,0.084,0.167,0.059,0.110
-7.418,38.000,0.080,0.160,0.057,0.106
-7.418,38.100,0.078,0.155,0.055,0.103
-7.418,38.200,0.076,0.152,0.053,0.101
-7.418,38.300,0.074,0.149,0.052,0.099
-7.418,38.400,0.073,0.147,0.051,0.098
-7.418,38.500,0.072,0.146,0.050,0.097
-7.418,38.600,0.071,0.144,0.050,0.096
-7.418,38.700,0.071,0.143,0.049,0.096
-7.418,38.800,0.070,0.143,0.049,0.096
-7.418,38.900,0.070,0.143,0.049,0.096
-7.418,39.000,0.070,0.143,0.049,0.096
-7.418,39.100,0.069,0.143,0.048,0.096
-7.418,39.200,0.069,0.143,0.048,0.096
-7.418,39.300,0.068,0.143,0.048,0.096
-7.418,39.400,0.068,0.143,0.047,0.096
-7.418,39.500,0.067,0.143,0.047,0.096
-7.418,39.600,0.066,0.143,0.046,0.096
-7.418,39.700,0.065,0.143,0.046,0.096
-7.418,39.800,0.065,0.144,0.045,0.097
-7.418,39.900,0.064,0.145,0.044,0.097
-7.418,40.000,0.063,0.146,0.044,0.098
-7.418,40.100,0.062,0.148,0.043,0.100
-7.418,40.200,0.060,0.150,0.042,0.101
-7.418,40.300,0.059,0.152,0.041,0.103
-7.418,40.400,0.058,0.155,0.040,0.105
-7.418,40.500,0.057,0.157,0.039,0.107
-7.418,40.600,0.056,0.160,0.039,0.109
-7.418,40.700,0.055,0.162,0.038,0.110
-7.418,40.800,0.053,0.163,0.037,0.111
-7.418,40.900,0.052,0.163,0.036,0.111
-7.418,41.000,0.051,0.162,0.035,0.111
-7.418,41.100,0.050,0.161,0.034,0.110
-7.418,41.200,0.050,0.159,0.034,0.109
-7.418,41.300,0.049,0.155,0.033,0.107
-7.418,41.400,0.048,0.151,0.032,0.103
-7.418,41.500,0.047,0.146,0.032,0.099
-7.418,41.600,0.047,0.139,0.031,0.094
-7.418,41.700,0.046,0.132,0.031,0.089
-7.418,41.800,0.046,0.126,0.031,0.085
-7.418,41.900,0.045,0.120,0.030,0.081
-7.418,42.000,0.045,0.116,0.030,0.078
-7.418,42.100,0.045,0.112,0.030,0.076
-7.418,42.200,0.045,0.109,0.030,0.073
-7.318,36.900,0.169,0.347,0.118,0.234
-7.318,37.000,0.159,0.326,0.111,0.219
-7.318,37.100,0.148,0.306,0.103,0.203
-7.318,37.200,0.138,0.287,0.096,0.188
-7.318,37.300,0.128,0.261,0.089,0.172
-7.318,37.400,0.118,0.237,0.082,0.157
-7.318,37.500,0.107,0.212,0.075,0.141
-7.318,37.600,0.099,0.194,0.069,0.129
-7.318,37.700,0.092,0.182,0.065,0.121
-7.318,37.800,0.086,0.171,0.061,0.114
-7.318,37.900,0.081,0.162,0.057,0.107
-7.318,38.000,0.078,0.156,0.055,0.103
-7.318,38.100,0.075,0.150,0.053,0.100
-7.318,38.200,0.073,0.147,0.051,0.097
-7.318,38.300,0.072,0.145,0.050,0.096
-7.318,38.400,0.070,0.142,0.049,0.094
-7.318,38.500,0.069,0.141,0.048,0.094
-7.318,38.600,0.069,0.139,0.048,0.093
-7.318,38.700,0.068,0.138,0.047,0.092
-7.318,38.800,0.068,0.138,0.047,0.092
-7.318,38.900,0.067,0.138,0.047,0.092
-7.318,39.000,0.067,0.138,0.047,0.092
-7.318,39.100,0.066,0.138,0.046,0.092
-7.318,39.200,0.066,0.137,0.046,0.092
-7.318,39.300,0.065,0.137,0.046,0.092
-7.318,39.400,0.065,0.137,0.045,0.092
-7.318,39.500,0.064,0.137,0.045,0.092
-7.318,39.600,0.064,0.137,0.044,0.092
-7.318,39.700,0.063,0.138,0.044,0.093
-7.318,39.800,0.062,0.138,0.043,0.093
-7.318,39.900,0.062,0.139,0.043,0.094
-7.318,40.000,0.061,0.140,0.042,0.094
-7.318,40.100,0.060,0.142,0.041,0.096
-7.318,40.200,0.059,0.144,0.041,0.097
-7.318,40.300,0.058,0.146,0.040,0.098
-7.318,40.400,0.057,0.148,0.039,0.100
-7.318,40.500,0.056,0.150,0.038,0.102
-7.318,40.600,0.054,0.153,0.037,0.103
-7.318,40.700,0.053,0.155,0.037,0.105
-7.318,40.800,0.052,0.157,0.036,0.106
-7.318,40.900,0.051,0.157,0.035,0.107
-7.318,41.000,0.050,0.157,0.034,0.107
-7.318,41.100,0.049,0.156,0.034,0.107
-7.318,41.200,0.049,0.155,0.033,0.106
-7.318,41.300,0.048,0.152,0.032,0.104
-7.318,41.400,0.047,0.148,0.032,0.101
-7.318,41.500,0.046,0.143,0.031,0.098
-7.318,41.600,0.046,0.137,0.031,0.093
-7.318,41.700,0.045,0.131,0.031,0.089
-7.318,41.800,0.045,0.125,0.030,0.084
-7.318,41.900,0.045,0.120,0.030,0.081
-7.318,42.000,0.044,0.115,0.030,0.078
-7.318,42.100,0.044,0.111,0.029,0.075
-7.318,42.200,0.044,0.108,0.029,0.073
-7.218,37.000,0.155,0.319,0.108,0.215
-7.218,37.100,0.145,0.299,0.101,0.200
-7.218,37.200,0.135,0.279,0.094,0.186
-7.218,37.300,0.125,0.254,0.087,0.169
-7.218,37.400,0.115,0.229,0.080,0.152
-7.218,37.500,0.104,0.206,0.073,0.137
-7.218,37.600,0.096,0.189,0.067,0.126
-7.218,37.700,0.089,0.176,0.063,0.117
-7.218,37.800,0.084,0.166,0.059,0.110
-7.218,37.900,0.079,0.156,0.056,0.103
-7.218,38.000,0.075,0.150,0.053,0.099
-7.218,38.100,0.072,0.145,0.051,0.096
-7.218,38.200,0.070,0.142,0.049,0.094
-7.218,38.300,0.069,0.139,0.048,0.092
-7.218,38.400,0.068,0.137,0.047,0.091
-7.218,38.500,0.067,0.135,0.047,0.090
-7.218,38.600,0.066,0.134,0.046,0.089
-7.218,38.700,0.065,0.133,0.046,0.089
-7.218,38.800,0.065,0.132,0.045,0.088
-7.218,38.900,0.064,0.132,0.045,0.088
-7.218,39.000,0.064,0.132,0.045,0.088
-7.218,39.100,0.064,0.132,0.044,0.088
-7.218,39.200,0.063,0.132,0.044,0.088
-7.218,39.300,0.063,0.132,0.044,0.088
-7.218,39.400,0.062,0.132,0.043,0.088
-7.218,39.500,0.062,0.132,0.043,0.089
-7.218,39.600,0.061,0.132,0.043,0.089
-7.218,39.700,0.061,0.132,0.042,0.089
-7.218,39.800,0.060,0.133,0.042,0.089
-7.218,39.900,0.059,0.134,0.041,0.090
-7.218,40.000,0.059,0.135,0.041,0.091
-7.218,40.100,0.058,0.136,0.040,0.092
-7.218,40.200,0.057,0.138,0.039,0.093
-7.218,40.300,0.056,0.139,0.039,0.094
-7.218,40.400,0.055,0.141,0.038,0.095
-7.218,40.500,0.054,0.143,0.037,0.096
-7.218,40.600,0.053,0.145,0.036,0.098
-7.218,40.700,0.052,0.147,0.036,0.100
-7.218,40.800,0.051,0.149,0.035,0.101
-7.218,40.900,0.050,0.150,0.034,0.102
-7.218,41.000,0.049,0.151,0.033,0.102
-7.218,41.100,0.048,0.151,0.033,0.102
-7.218,41.200,0.048,0.150,0.032,0.102
-7.218,41.300,0.047,0.148,0.032,0.100
-7.218,41.400,0.046,0.144,0.031,0.098
-7.218,41.500,0.046,0.140,0.031,0.095
-7.218,41.600,0.045,0.135,0.030,0.091
-7.218,41.700,0.045,0.129,0.030,0.087
-7.218,41.800,0.044,0.123,0.030,0.083
-7.218,41.900,0.044,0.118,0.029,0.080
-7.218,42.000,0.044,0.114,0.029,0.077
-7.218,42.100,0.044,0.110,0.029,0.074
-7.218,42.200,0.043,0.107,0.029,0.072
-7.118,37.000,0.150,0.311,0.105,0.210
-7.118,37.100,0.140,0.290,0.098,0.195
-7.118,37.200,0.131,0.270,0.091,0.181
-7.118,37.300,0.121,0.247,0.084,0.166
-7.118,37.400,0.111,0.222,0.077,0.148
-7.118,37.500,0.101,0.199,0.071,0.133
-7.118,37.600,0.093,0.182,0.065,0.122
-7.118,37.700,0.086,0.169,0.061,0.113
-7.118,37.800,0.080,0.158,0.057,0.105
-7.118,37.900,0.076,0.149,0.054,0.099
-7.118,38.000,0.072,0.143,0.051,0.095
-7.118,38.100,0.069,0.138,0.049,0.092
-7.118,38.200,0.068,0.135,0.048,0.090
-7.118,38.300,0.066,0.133,0.046,0.088
-7.118,38.400,0.065,0.131,0.045,0.087
-7.118,38.500,0.064,0.129,0.045,0.086
-7.118,38.600,0.063,0.128,0.044,0.085
-7.118,38.700,0.062,0.127,0.044,0.085
-7.118,38.800,0.062,0.126,0.043,0.085
-7.118,38.900,0.062,0.126,0.043,0.085
-7.118,39.000,0.061,0.126,0.043,0.085
-7.118,39.100,0.061,0.126,0.042,0.085
-7.118,39.200,0.060,0.126,0.042,0.085
-7.118,39.300,0.060,0.126,0.042,0.085
-7.118,39.400,0.060,0.126,0.042,0.085
-7.118,39.500,0.059,0.126,0.041,0.085
-7.118,39.600,0.059,0.126,0.041,0.085
-7.118,39.700,0.058,0.127,0.041,0.085
-7.118,39.800,0.058,0.128,0.040,0.086
-7.118,39.900,0.057,0.128,0.040,0.086
-7.118,40.000,0.057,0.129,0.039,0.087
-7.118,40.100,0.056,0.130,0.039,0.088
-7.118,40.200,0.055,0.132,0.038,0.089
-7.118,40.300,0.054,0.133,0.037,0.090
-7.118,40.400,0.053,0.134,0.037,0.090
-7.118,40.500,0.052,0.135,0.036,0.091
-7.118,40.600,0.051,0.137,0.035,0.093
-7.118,40.700,0.050,0.139,0.034,0.094
-7.118,40.800,0.049,0.141,0.034,0.095
-7.118,40.900,0.049,0.142,0.033,0.096
-7.118,41.000,0.048,0.143,0.033,0.097
-7.118,41.100,0.047,0.144,0.032,0.097
-7.118,41.200,0.047,0.143,0.032,0.097
-7.118,41.300,0.046,0.142,0.031,0.096
-7.118,41.400,0.045,0.139,0.031,0.094
-7.118,41.500,0.045,0.136,0.030,0.092
-7.118,41.600,0.044,0.131,0.030,0.089
-7.118,41.700,0.044,0.126,0.029,0.085
-7.118,41.800,0.044,0.121,0.029,0.082
-7.118,41.900,0.043,0.117,0.029,0.079
-7.118,42.000,0.043,0.112,0.029,0.075
-7.118,42.100,0.043,0.108,0.028,0.073
-7.118,42.200,0.043,0.105,0.028,0.070
-7.018,36.900,0.155,0.324,0.109,0.219
-7.018,37.000,0.146,0.303,0.102,0.205
-7.018,37.100,0.136,0.283,0.095,0.191
-7.018,37.200,0.127,0.263,0.089,0.177
-7.018,37.300,0.118,0.241,0.082,0.161
-7.018,37.400,0.108,0.216,0.075,0.144
-7.018,37.500,0.098,0.193,0.069,0.129
-7.018,37.600,0.090,0.176,0.063,0.118
-7.018,37.700,0.083,0.163,0.059,0.109
-7.018,37.800,0.078,0.152,0.055,0.101
-7.018,37.900,0.073,0.143,0.052,0.095
-7.018,38.000,0.069,0.137,0.049,0.091
-7.018,38.100,0.067,0.133,0.047,0.088
-7.018,38.200,0.065,0.130,0.046,0.086
-7.018,38.300,0.063,0.127,0.045,0.084
-7.018,38.400,0.062,0.125,0.044,0.083
-7.018,38.500,0.061,0.124,0.043,0.082
-7.018,38.600,0.061,0.123,0.042,0.082
-7.018,38.700,0.060,0.122,0.042,0.081
-7.018,38.800,0.059,0.121,0.042,0.081
-7.018,38.900,0.059,0.121,0.041,0.081
-7.018,39.000,0.059,0.121,0.041,0.081
-7.018,39.100,0.058,0.121,0.041,0.081
-7.018,39.200,0.058,0.121,0.041,0.081
-7.018,39.300,0.058,0.121,0.040,0.081
-7.018,39.400,0.057,0.121,0.040,0.081
-7.018,39.500,0.057,0.121,0.040,0.081
-7.018,39.600,0.057,0.122,0.039,0.082
-7.018,39.700,0.056,0.122,0.039,0.082
-7.018,39.800,0.056,0.123,0.039,0.083
-7.018,39.900,0.055,0.124,0.038,0.083
-7.018,40.000,0.055,0.124,0.038,0.084
-7.018,40.100,0.054,0.125,0.037,0.084
-7.018,40.200,0.053,0.126,0.037,0.085
-7.018,40.300,0.052,0.127,0.036,0.086
-7.018,40.400,0.051,0.128,0.035,0.086
-7.018,40.500,0.050,0.129,0.035,0.087
-7.018,40.600,0.049,0.130,0.034,0.088
-7.018,40.700,0.049,0.132,0.033,0.089
-7.018,40.800,0.048,0.133,0.033,0.090
-7.018,40.900,0.047,0.135,0.032,0.091
-7.018,41.000,0.047,0.136,0.032,0.092
-7.018,41.100,0.046,0.137,0.031,0.092
-7.018,41.200,0.046,0.137,0.031,0.092
-7.018,41.300,0.045,0.136,0.030,0.091
-7.018,41.400,0.044,0.134,0.030,0.090
-7.018,41.500,0.044,0.131,0.030,0.088
-7.018,41.600,0.044,0.127,0.029,0.086
-7.018,41.700,0.043,0.123,0.029,0.083
-7.018,41.800,0.043,0.119,0.029,0.080
-7.018,41.900,0.043,0.114,0.028,0.077
-7.018,42.000,0.042,0.110,0.028,0.074
-7.018,42.100,0.042,0.106,0.028,0.071
-7.018,42.200,0.042,0.103,0.028,0.069
-6.918,36.900,0.151,0.315,0.106,0.213
-6.918,37.000,0.141,0.295,0.099,0.200
-6.918,37.100,0.132,0.275,0.092,0.186
-6.918,37.200,0.124,0.257,0.086,0.173
-6.918,37.300,0.114,0.234,0.080,0.156
-6.918,37.400,0.104,0.211,0.073,0.141
-6.918,37.500,0.095,0.189,0.067,0.126
-6.918,37.600,0.087,0.171,0.062,0.115
-6.918,37.700,0.081,0.158,0.057,0.105
-6.918,37.800,0.075,0.147,0.054,0.098
-6.918,37.900,0.070,0.138,0.050,0.092
-6.918,38.000,0.067,0.132,0.048,0.088
-6.918,38.100,0.064,0.128,0.046,0.085
-6.918,38.200,0.063,0.125,0.044,0.083
-6.918,38.300,0.061,0.122,0.043,0.081
-6.918,38.400,0.060,0.120,0.042,0.080
-6.918,38.500,0.059,0.119,0.041,0.079
-6.918,38.600,0.058,0.118,0.041,0.078
-6.918,38.700,0.058,0.117,0.040,0.078
-6.918,38.800,0.057,0.117,0.040,0.078
-6.918,38.900,0.057,0.117,0.040,0.078
-6.918,39.000,0.056,0.117,0.039,0.078
-6.918,39.100,0.056,0.117,0.039,0.078
-6.918,39.200,0.056,0.117,0.039,0.078
-6.918,39.300,0.056,0.117,0.039,0.078
-6.918,39.400,0.055,0.117,0.038,0.078
-6.918,39.500,0.055,0.117,0.038,0.078
-6.918,39.600,0.054,0.118,0.038,0.079
-6.918,39.700,0.054,0.118,0.038,0.079
-6.918,39.800,0.054,0.119,0.037,0.080
-6.918,39.900,0.053,0.119,0.037,0.080
-6.918,40.000,0.052,0.120,0.036,0.080
-6.918,40.100,0.052,0.121,0.036,0.081
-6.918,40.200,0.051,0.121,0.035,0.081
-6.918,40.300,0.050,0.122,0.035,0.082
-6.918,40.400,0.049,0.122,0.034,0.082
-6.918,40.500,0.049,0.122,0.033,0.083
-6.918,40.600,0.048,0.124,0.033,0.083
-6.918,40.700,0.047,0.125,0.032,0.084
-6.918,40.800,0.046,0.126,0.032,0.085
-6.918,40.900,0.046,0.128,0.031,0.086
-6.918,41.000,0.045,0.129,0.031,0.087
-6.918,41.100,0.045,0.130,0.030,0.087
-6.918,41.200,0.044,0.130,0.030,0.087
-6.918,41.300,0.044,0.129,0.030,0.087
-6.918,41.400,0.044,0.128,0.029,0.086
-6.918,41.500,0.043,0.126,0.029,0.084
-6.918,41.600,0.043,0.123,0.029,0.082
-6.918,41.700,0.043,0.119,0.028,0.080
-6.918,41.800,0.042,0.115,0.028,0.077
-6.918,41.900,0.042,0.112,0.028,0.075
-6.918,42.000,0.042,0.108,0.028,0.072
-6.918,42.100,0.041,0.105,0.028,0.070
-6.918,42.200,0.041,0.101,0.027,0.068
-6.818,36.900,0.145,0.304,0.101,0.206
-6.818,37.000,0.136,0.285,0.095,0.193
-6.818,37.100,0.128,0.266,0.089,0.180
-6.818,37.200,0.119,0.248,0.083,0.167
-6.818,37.300,0.110,0.227,0.077,0.152
-6.818,37.400,0.101,0.205,0.071,0.137
-6.818,37.500,0.092,0.183,0.065,0.123
-6.818,37.600,0.084,0.166,0.060,0.111
-6.818,37.700,0.078,0.153,0.056,0.102
-6.818,37.800,0.073,0.142,0.052,0.095
-6.818,37.900,0.068,0.133,0.049,0.089
-6.818,38.000,0.065,0.127,0.046,0.085
-6.818,38.100,0.062,0.123,0.044,0.082
-6.818,38.200,0.060,0.120,0.043,0.079
-6.818,38.300,0.059,0.118,0.042,0.078
-6.818,38.400,0.058,0.116,0.041,0.077
-6.818,38.500,0.057,0.114,0.040,0.076
-6.818,38.600,0.056,0.114,0.039,0.075
-6.818,38.700,0.055,0.113,0.039,0.075
-6.818,38.800,0.055,0.113,0.038,0.075
-6.818,38.900,0.054,0.112,0.038,0.075
-6.818,39.000,0.054,0.112,0.038,0.075
-6.818,39.100,0.054,0.112,0.038,0.075
-6.818,39.200,0.054,0.112,0.037,0.075
-6.818,39.300,0.053,0.113,0.037,0.075
-6.818,39.400,0.053,0.113,0.037,0.075
-6.818,39.500,0.053,0.113,0.037,0.075
-6.818,39.600,0.052,0.113,0.036,0.076
-6.818,39.700,0.052,0.114,0.036,0.076
-6.818,39.800,0.051,0.115,0.036,0.076
-6.818,39.900,0.051,0.115,0.035,0.077
-6.818,40.000,0.050,0.115,0.035,0.077
-6.818,40.100,0.050,0.116,0.034,0.077
-6.818,40.200,0.049,0.116,0.034,0.078
-6.818,40.300,0.048,0.116,0.033,0.078
-6.818,40.400,0.047,0.116,0.033,0.078
-6.818,40.500,0.047,0.117,0.032,0.078
-6.818,40.600,0.046,0.118,0.032,0.079
-6.818,40.700,0.045,0.119,0.031,0.080
-6.818,40.800,0.045,0.120,0.031,0.081
-6.818,40.900,0.044,0.121,0.030,0.081
-6.818,41.000,0.044,0.122,0.030,0.082
-6.818,41.100,0.044,0.123,0.030,0.083
-6.818,41.200,0.043,0.123,0.029,0.083
-6.818,41.300,0.043,0.123,0.029,0.082
-6.818,41.400,0.043,0.122,0.029,0.082
-6.818,41.500,0.042,0.120,0.028,0.081
-6.818,41.600,0.042,0.118,0.028,0.079
-6.818,41.700,0.042,0.115,0.028,0.077
-6.818,41.800,0.042,0.112,0.028,0.075
-6.818,41.900,0.041,0.109,0.027,0.073
-6.818,42.000,0.041,0.106,0.027,0.071
-6.818,42.100,0.041,0.102,0.027,0.068
-6.818,42.200,0.041,0.099,0.027,0.066
-6.718,36.900,0.138,0.289,0.097,0.196
-6.718,37.000,0.130,0.272,0.091,0.184
-6.718,37.100,0.122,0.254,0.085,0.172
-6.718,37.200,0.115,0.238,0.080,0.160
-6.718,37.300,0.106,0.218,0.074,0.146
-6.718,37.400,0.097,0.198,0.068,0.132
-6.718,37.500,0.088,0.178,0.062,0.119
-6.718,37.600,0.082,0.162,0.058,0.108
-6.718,37.700,0.075,0.148,0.054,0.099
-6.718,37.800,0.070,0.138,0.050,0.092
-6.718,37.900,0.066,0.128,0.047,0.086
-6.718,38.000,0.062,0.122,0.045,0.082
-6.718,38.100,0.060,0.118,0.043,0.078
-6.718,38.200,0.058,0.115,0.041,0.076
-6.718,38.300,0.057,0.113,0.040,0.074
-6.718,38.400,0.055,0.111,0.039,0.073
-6.718,38.500,0.054,0.109,0.038,0.072
-6.718,38.600,0.054,0.109,0.038,0.072
-6.718,38.700,0.053,0.108,0.037,0.072
-6.718,38.800,0.052,0.108,0.037,0.071
-6.718,38.900,0.052,0.108,0.036,0.071
-6.718,39.000,0.052,0.108,0.036,0.072
-6.718,39.100,0.052,0.108,0.036,0.072
-6.718,39.200,0.051,0.108,0.036,0.072
-6.718,39.300,0.051,0.108,0.035,0.072
-6.718,39.400,0.051,0.108,0.035,0.072
-6.718,39.500,0.050,0.109,0.035,0.072
-6.718,39.600,0.050,0.109,0.035,0.073
-6.718,39.700,0.050,0.109,0.034,0.073
-6.718,39.800,0.049,0.110,0.034,0.073
-6.718,39.900,0.049,0.110,0.034,0.073
-6.718,40.000,0.048,0.110,0.033,0.074
-6.718,40.100,0.048,0.110,0.033,0.074
-6.718,40.200,0.047,0.111,0.032,0.074
-6.718,40.300,0.046,0.110,0.032,0.074
-6.718,40.400,0.045,0.110,0.031,0.074
-6.718,40.500,0.045,0.110,0.031,0.074
-6.718,40.600,0.044,0.111,0.030,0.074
-6.718,40.700,0.044,0.112,0.030,0.075
-6.718,40.800,0.043,0.113,0.030,0.076
-6.718,40.900,0.043,0.115,0.029,0.077
-6.718,41.000,0.043,0.116,0.029,0.078
-6.718,41.100,0.043,0.116,0.029,0.078
-6.718,41.200,0.042,0.117,0.028,0.078
-6.718,41.300,0.042,0.117,0.028,0.078
-6.718,41.400,0.042,0.116,0.028,0.078
-6.718,41.500,0.041,0.115,0.028,0.077
-6.718,41.600,0.041,0.113,0.028,0.076
-6.718,41.700,0.041,0.111,0.027,0.074
-6.718,41.800,0.041,0.108,0.027,0.072
-6.718,41.900,0.040,0.106,0.027,0.070
-6.718,42.000,0.040,0.103,0.027,0.069
-6.718,42.100,0.040,0.100,0.027,0.067
-6.718,42.200,0.040,0.097,0.026,0.065
-6.618,36.900,0.129,0.270,0.091,0.183
-6.618,37.000,0.123,0.255,0.086,0.173
-6.618,37.100,0.116,0.240,0.081,0.163
-6.618,37.200,0.109,0.225,0.076,0.152
-6.618,37.300,0.101,0.207,0.071,0.139
-6.618,37.400,0.093,0.190,0.065,0.127
-6.618,37.500,0.086,0.172,0.060,0.116
-6.618,37.600,0.079,0.157,0.056,0.105
-6.618,37.700,0.073,0.144,0.052,0.096
-6.618,37.800,0.068,0.133,0.049,0.089
-6.618,37.900,0.063,0.124,0.045,0.083
-6.618,38.000,0.060,0.117,0.043,0.079
-6.618,38.100,0.057,0.112,0.041,0.075
-6.618,38.200,0.056,0.109,0.040,0.073
-6.618,38.300,0.054,0.107,0.039,0.071
-6.618,38.400,0.053,0.105,0.038,0.070
-6.618,38.500,0.052,0.104,0.037,0.069
-6.618,38.600,0.051,0.103,0.036,0.068
-6.618,38.700,0.051,0.103,0.036,0.068
-6.618,38.800,0.050,0.103,0.035,0.068
-6.618,38.900,0.050,0.103,0.035,0.068
-6.618,39.000,0.049,0.103,0.035,0.069
-6.618,39.100,0.049,0.103,0.034,0.069
-6.618,39.200,0.049,0.103,0.034,0.069
-6.618,39.300,0.049,0.104,0.034,0.069
-6.618,39.400,0.048,0.104,0.034,0.069
-6.618,39.500,0.048,0.104,0.033,0.069
-6.618,39.600,0.048,0.104,0.033,0.070
-6.618,39.700,0.048,0.105,0.033,0.070
-6.618,39.800,0.047,0.105,0.033,0.070
-6.618,39.900,0.047,0.105,0.032,0.070
-6.618,40.000,0.046,0.105,0.032,0.070
-6.618,40.100,0.045,0.105,0.031,0.070
-6.618,40.200,0.045,0.105,0.031,0.070
-6.618,40.300,0.044,0.104,0.030,0.070
-6.618,40.400,0.043,0.103,0.030,0.069
-6.618,40.500,0.042,0.103,0.029,0.069
-6.618,40.600,0.042,0.104,0.029,0.070
-6.618,40.700,0.042,0.105,0.029,0.071
-6.618,40.800,0.041,0.106,0.028,0.071
-6.618,40.900,0.041,0.108,0.028,0.072
-6.618,41.000,0.041,0.109,0.028,0.073
-6.618,41.100,0.041,0.110,0.028,0.074
-6.618,41.200,0.041,0.110,0.028,0.074
-6.618,41.300,0.041,0.111,0.027,0.074
-6.618,41.400,0.041,0.110,0.027,0.074
-6.618,41.500,0.041,0.110,0.027,0.073
-6.618,41.600,0.040,0.108,0.027,0.072
-6.618,41.700,0.040,0.107,0.027,0.071
-6.618,41.800,0.040,0.105,0.027,0.070
-6.618,41.900,0.040,0.102,0.026,0.068
-6.618,42.000,0.040,0.100,0.026,0.067
-6.618,42.100,0.039,0.097,0.026,0.065
-6.618,42.200,0.039,0.095,0.026,0.063
-6.518,36.900,0.122,0.253,0.086,0.172
-6.518,37.000,0.116,0.240,0.082,0.163
-6.518,37.100,0.110,0.227,0.077,0.153
-6.518,37.200,0.103,0.213,0.073,0.144
-6.518,37.300,0.097,0.199,0.068,0.134
-6.518,37.400,0.090,0.183,0.063,0.123
-6.518,37.500,0.083,0.168,0.059,0.112
-6.518,37.600,0.077,0.153,0.055,0.102
-6.518,37.700,0.071,0.140,0.051,0.094
-6.518,37.800,0.065,0.129,0.047,0.086
-6.518,37.900,0.061,0.120,0.044,0.081
-6.518,38.000,0.058,0.113,0.042,0.076
-6.518,38.100,0.055,0.108,0.040,0.072
-6.518,38.200,0.053,0.104,0.039,0.070
-6.518,38.300,0.052,0.102,0.037,0.068
-6.518,38.400,0.050,0.100,0.036,0.067
-6.518,38.500,0.050,0.099,0.035,0.066
-6.518,38.600,0.049,0.099,0.035,0.066
-6.518,38.700,0.048,0.099,0.034,0.066
-6.518,38.800,0.048,0.099,0.034,0.066
-6.518,38.900,0.048,0.099,0.033,0.066
-6.518,39.000,0.047,0.099,0.033,0.066
-6.518,39.100,0.047,0.099,0.033,0.066
-6.518,39.200,0.047,0.100,0.033,0.066
-6.518,39.300,0.047,0.100,0.033,0.066
-6.518,39.400,0.047,0.100,0.032,0.067
-6.518,39.500,0.046,0.100,0.032,0.067
-6.518,39.600,0.046,0.100,0.032,0.067
-6.518,39.700,0.046,0.101,0.032,0.067
-6.518,39.800,0.045,0.101,0.031,0.067
-6.518,39.900,0.045,0.100,0.031,0.067
-6.518,40.000,0.044,0.100,0.030,0.067
-6.518,40.100,0.043,0.099,0.030,0.066
-6.518,40.200,0.043,0.099,0.029,0.066
-6.518,40.300,0.042,0.098,0.029,0.066
-6.518,40.400,0.041,0.097,0.029,0.065
-6.518,40.500,0.040,0.097,0.028,0.065
-6.518,40.600,0.040,0.097,0.028,0.066
-6.518,40.700,0.040,0.098,0.027,0.066
-6.518,40.800,0.040,0.100,0.027,0.067
-6.518,40.900,0.040,0.102,0.027,0.068
-6.518,41.000,0.040,0.103,0.027,0.069
-6.518,41.100,0.040,0.104,0.027,0.070
-6.518,41.200,0.040,0.105,0.027,0.070
-6.518,41.300,0.040,0.105,0.027,0.070
-6.518,41.400,0.040,0.105,0.027,0.070
-6.518,41.500,0.040,0.105,0.026,0.070
-6.518,41.600,0.040,0.104,0.026,0.069
-6.518,41.700,0.039,0.103,0.026,0.068
-6.518,41.800,0.039,0.101,0.026,0.067
-6.518,41.900,0.039,0.099,0.026,0.066
-6.518,42.000,0.039,0.097,0.026,0.065
-6.518,42.100,0.039,0.095,0.025,0.063
-6.518,42.200,0.038,0.093,0.025,0.062
-6.418,36.900,0.116,0.240,0.082,0.164
-6.418,37.000,0.110,0.228,0.078,0.155
-6.418,37.100,0.105,0.215,0.074,0.146
-6.418,37.200,0.099,0.204,0.069,0.137
-6.418,37.300,0.093,0.191,0.065,0.128
-6.418,37.400,0.087,0.178,0.061,0.119
-6.418,37.500,0.081,0.164,0.057,0.109
-6.418,37.600,0.075,0.149,0.053,0.100
-6.418,37.700,0.069,0.137,0.049,0.092
-6.418,37.800,0.064,0.126,0.046,0.084
-6.418,37.900,0.059,0.116,0.043,0.078
-6.418,38.000,0.056,0.109,0.041,0.073
-6.418,38.100,0.053,0.104,0.039,0.070
-6.418,38.200,0.051,0.100,0.037,0.067
-6.418,38.300,0.050,0.098,0.036,0.065
-6.418,38.400,0.049,0.096,0.035,0.064
-6.418,38.500,0.048,0.095,0.034,0.063
-6.418,38.600,0.047,0.095,0.033,0.063
-6.418,38.700,0.047,0.095,0.033,0.063
-6.418,38.800,0.046,0.095,0.033,0.063
-6.418,38.900,0.046,0.096,0.032,0.063
-6.418,39.000,0.046,0.096,0.032,0.063
-6.418,39.100,0.045,0.096,0.032,0.064
-6.418,39.200,0.045,0.096,0.031,0.064
-6.418,39.300,0.045,0.097,0.031,0.064
-6.418,39.400,0.045,0.097,0.031,0.064
-6.418,39.500,0.044,0.097,0.031,0.064
-6.418,39.600,0.044,0.097,0.031,0.064
-6.418,39.700,0.044,0.097,0.030,0.065
-6.418,39.800,0.043,0.097,0.030,0.064
-6.418,39.900,0.043,0.096,0.030,0.064
-6.418,40.000,0.042,0.095,0.029,0.064
-6.418,40.100,0.041,0.095,0.029,0.063
-6.418,40.200,0.041,0.094,0.028,0.063
-6.418,40.300,0.040,0.093,0.028,0.062
-6.418,40.400,0.039,0.092,0.027,0.062
-6.418,40.500,0.038,0.091,0.027,0.062
-6.418,40.600,0.038,0.092,0.027,0.062
-6.418,40.700,0.038,0.093,0.026,0.062
-6.418,40.800,0.038,0.094,0.026,0.063
-6.418,40.900,0.038,0.097,0.026,0.065
-6.418,41.000,0.039,0.098,0.026,0.065
-6.418,41.100,0.039,0.099,0.026,0.066
-6.418,41.200,0.039,0.100,0.026,0.066
-6.418,41.300,0.039,0.100,0.026,0.067
-6.418,41.400,0.039,0.101,0.026,0.067
-6.418,41.500,0.039,0.101,0.026,0.067
-6.418,41.600,0.039,0.100,0.026,0.066
-6.418,41.700,0.039,0.099,0.026,0.066
-6.418,41.800,0.039,0.098,0.025,0.065
-6.418,41.900,0.038,0.096,0.025,0.064
-6.418,42.000,0.038,0.095,0.025,0.063
-6.418,42.100,0.038,0.093,0.025,0.061
-6.418,42.200,0.038,0.091,0.025,0.060
-6.318,36.900,0.110,0.228,0.077,0.155
-6.318,37.000,0.105,0.217,0.074,0.147
-6.318,37.100,0.100,0.206,0.070,0.139
-6.318,37.200,0.095,0.196,0.067,0.132
-6.318,37.300,0.090,0.184,0.063,0.124
-6.318,37.400,0.085,0.173,0.059,0.116
-6.318,37.500,0.079,0.159,0.055,0.107
-6.318,37.600,0.073,0.146,0.051,0.098
-6.318,37.700,0.067,0.134,0.048,0.090
-6.318,37.800,0.062,0.123,0.044,0.083
-6.318,37.900,0.058,0.114,0.042,0.076
-6.318,38.000,0.054,0.106,0.039,0.071
-6.318,38.100,0.052,0.101,0.038,0.068
-6.318,38.200,0.050,0.097,0.036,0.065
-6.318,38.300,0.048,0.095,0.035,0.063
-6.318,38.400,0.047,0.093,0.034,0.062
-6.318,38.500,0.046,0.092,0.033,0.061
-6.318,38.600,0.045,0.092,0.032,0.061
-6.318,38.700,0.045,0.092,0.032,0.061
-6.318,38.800,0.045,0.092,0.031,0.061
-6.318,38.900,0.044,0.092,0.031,0.061
-6.318,39.000,0.044,0.093,0.031,0.061
-6.318,39.100,0.044,0.093,0.030,0.061
-6.318,39.200,0.044,0.093,0.030,0.062
-6.318,39.300,0.043,0.093,0.030,0.062
-6.318,39.400,0.043,0.093,0.030,0.062
-6.318,39.500,0.043,0.094,0.030,0.062
-6.318,39.600,0.042,0.094,0.029,0.062
-6.318,39.700,0.042,0.094,0.029,0.062
-6.318,39.800,0.042,0.093,0.029,0.062
-6.318,39.900,0.041,0.092,0.028,0.061
-6.318,40.000,0.040,0.091,0.028,0.061
-6.318,40.100,0.039,0.090,0.027,0.060
-6.318,40.200,0.039,0.089,0.027,0.060
-6.318,40.300,0.038,0.088,0.026,0.059
-6.318,40.400,0.037,0.087,0.026,0.059
-6.318,40.500,0.037,0.086,0.026,0.058
-6.318,40.600,0.036,0.087,0.025,0.059
-6.318,40.700,0.036,0.088,0.025,0.059
-6.318,40.800,0.037,0.090,0.025,0.060
-6.318,40.900,0.037,0.092,0.025,0.061
-6.318,41.000,0.037,0.094,0.025,0.062
-6.318,41.100,0.038,0.095,0.025,0.063
-6.318,41.200,0.038,0.095,0.025,0.063
-6.318,41.300,0.038,0.096,0.025,0.064
-6.318,41.400,0.038,0.096,0.025,0.064
-6.318,41.500,0.038,0.096,0.025,0.064
-6.318,41.600,0.038,0.096,0.025,0.064
-6.318,41.700,0.038,0.095,0.025,0.063
-6.318,41.800,0.038,0.094,0.025,0.062
-6.318,41.900,0.038,0.093,0.025,0.062
-6.318,42.000,0.038,0.092,0.025,0.061
-6.318,42.100,0.037,0.090,0.024,0.060
-6.318,42.200,0.037,0.089,0.024,0.059
-6.218,36.900,0.105,0.218,0.073,0.147
-6.218,37.000,0.100,0.207,0.070,0.140
-6.218,37.100,0.096,0.197,0.067,0.133
-6.218,37.200,0.091,0.188,0.064,0.127
-6.218,37.300,0.087,0.179,0.061,0.120
-6.218,37.400,0.082,0.169,0.057,0.113
-6.218,37.500,0.076,0.155,0.053,0.104
-6.218,37.600,0.071,0.143,0.050,0.095
-6.218,37.700,0.066,0.132,0.046,0.088
-6.218,37.800,0.061,0.121,0.043,0.081
-6.218,37.900,0.056,0.111,0.041,0.074
-6.218,38.000,0.053,0.103,0.038,0.070
-6.218,38.100,0.050,0.098,0.036,0.066
-6.218,38.200,0.048,0.094,0.035,0.063
-6.218,38.300,0.046,0.091,0.034,0.061
-6.218,38.400,0.045,0.089,0.032,0.060
-6.218,38.500,0.044,0.088,0.032,0.059
-6.218,38.600,0.044,0.088,0.031,0.059
-6.218,38.700,0.043,0.089,0.031,0.059
-6.218,38.800,0.043,0.089,0.030,0.059
-6.218,38.900,0.043,0.089,0.030,0.059
-6.218,39.000,0.042,0.089,0.030,0.059
-6.218,39.100,0.042,0.090,0.029,0.059
-6.218,39.200,0.042,0.090,0.029,0.059
-6.218,39.300,0.042,0.090,0.029,0.060
-6.218,39.400,0.041,0.090,0.029,0.060
-6.218,39.500,0.041,0.090,0.028,0.060
-6.218,39.600,0.041,0.090,0.028,0.060
-6.218,39.700,0.040,0.090,0.028,0.059
-6.218,39.800,0.040,0.090,0.027,0.059
-6.218,39.900,0.039,0.088,0.027,0.059
-6.218,40.000,0.038,0.087,0.027,0.058
-6.218,40.100,0.037,0.085,0.026,0.057
-6.218,40.200,0.037,0.084,0.026,0.056
-6.218,40.300,0.036,0.083,0.025,0.056
-6.218,40.400,0.035,0.082,0.025,0.056
-6.218,40.500,0.035,0.082,0.024,0.055
-6.218,40.600,0.035,0.082,0.024,0.056
-6.218,40.700,0.035,0.083,0.024,0.056
-6.218,40.800,0.035,0.085,0.024,0.057
-6.218,40.900,0.035,0.087,0.024,0.058
-6.218,41.000,0.036,0.089,0.024,0.059
-6.218,41.100,0.036,0.090,0.024,0.060
-6.218,41.200,0.036,0.091,0.024,0.060
-6.218,41.300,0.037,0.092,0.024,0.061
-6.218,41.400,0.037,0.092,0.024,0.061
-6.218,41.500,0.037,0.093,0.024,0.061
-6.218,41.600,0.037,0.092,0.024,0.061
-6.218,41.700,0.037,0.092,0.024,0.061
-6.218,41.800,0.037,0.091,0.024,0.060
-6.218,41.900,0.037,0.090,0.024,0.060
-6.218,42.000,0.037,0.089,0.024,0.059
-6.218,42.100,0.037,0.088,0.024,0.058
-6.218,42.200,0.037,0.087,0.024,0.057