lat,lon,region,vs30,vs30measured,xvf,z1pt0,z2pt5
38.6,-9.71787,5,800,TRUE,150,31.07,0.57
38.7,-9.71787,5,800,TRUE,150,31.07,0.57
38.8,-9.71787,5,800,TRUE,150,31.07,0.57
38.9,-9.71787,5,800,TRUE,150,31.07,0.57
39,-9.71787,5,800,TRUE,150,31.07,0.57
38.5,-9.61787,5,800,TRUE,150,31.07,0.57
38.6,-9.61787,5,800,TRUE,150,31.07,0.57
38.7,-9.61787,5,800,TRUE,150,31.07,0.57
38.8,-9.61787,5,800,TRUE,150,31.07,0.57
38.9,-9.61787,5,800,TRUE,150,31.07,0.57
39,-9.61787,5,800,TRUE,150,31.07,0.57
39.1,-9.61787,5,800,TRUE,150,31.07,0.57
39.2,-9.61787,5,800,TRUE,150,31.07,0.57
39.3,-9.61787,5,800,TRUE,150,31.07,0.57
39.4,-9.61787,5,800,TRUE,150,31.07,0.57
39.5,-9.61787,5,800,TRUE,150,31.07,0.57
38.5,-9.51787,5,800,TRUE,150,31.07,0.57
38.6,-9.51787,5,800,TRUE,150,31.07,0.57
38.7,-9.51787,5,800,TRUE,150,31.07,0.57
38.8,-9.51787,5,800,TRUE,150,31.07,0.57
38.9,-9.51787,5,800,TRUE,150,31.07,0.57
39,-9.51787,5,800,TRUE,150,31.07,0.57
39.1,-9.51787,5,800,TRUE,150,31.07,0.57
39.2,-9.51787,5,800,TRUE,150,31.07,0.57
39.3,-9.51787,5,800,TRUE,150,31.07,0.57
39.4,-9.51787,5,800,TRUE,150,31.07,0.57
39.5,-9.51787,5,800,TRUE,150,31.07,0.57
39.6,-9.51787,5,800,TRUE,150,31.07,0.57
38.2,-9.41787,5,800,TRUE,150,31.07,0.57
38.3,-9.41787,5,800,TRUE,150,31.07,0.57
38.4,-9.41787,5,800,TRUE,150,31.07,0.57
38.5,-9.41787,5,800,TRUE,150,31.07,0.57
38.6,-9.41787,5,800,TRUE,150,31.07,0.57
38.7,-9.41787,5,800,TRUE,150,31.07,0.57
38.8,-9.41787,5,800,TRUE,150,31.07,0.57
38.9,-9.41787,5,800,TRUE,150,31.07,0.57
39,-9.41787,5,800,TRUE,150,31.07,0.57
39.1,-9.41787,5,800,TRUE,150,31.07,0.57
39.2,-9.41787,5,800,TRUE,150,31.07,0.57
39.3,-9.41787,5,800,TRUE,150,31.07,0.57
39.4,-9.41787,5,800,TRUE,150,31.07,0.57
39.5,-9.41787,5,800,TRUE,150,31.07,0.57
39.6,-9.41787,5,800,TRUE,150,31.07,0.57
38.2,-9.31787,5,800,TRUE,150,31.07,0.57
38.3,-9.31787,5,800,TRUE,150,31.07,0.57
38.4,-9.31787,5,800,TRUE,150,31.07,0.57
38.5,-9.31787,5,800,TRUE,150,31.07,0.57
38.6,-9.31787,5,800,TRUE,150,31.07,0.57
38.7,-9.31787,5,800,TRUE,150,31.07,0.57
38.8,-9.31787,5,800,TRUE,150,31.07,0.57
38.9,-9.31787,5,800,TRUE,150,31.07,0.57
39,-9.31787,5,800,TRUE,150,31.07,0.57
39.1,-9.31787,5,800,TRUE,150,31.07,0.57
39.2,-9.31787,5,800,TRUE,150,31.07,0.57
39.3,-9.31787,5,800,TRUE,150,31.07,0.57
39.4,-9.31787,5,800,TRUE,150,31.07,0.57
39.5,-9.31787,5,800,TRUE,150,31.07,0.57
39.6,-9.31787,5,800,TRUE,150,31.07,0.57
39.7,-9.31787,5,800,TRUE,150,31.07,0.57
39.8,-9.31787,5,800,TRUE,150,31.07,0.57
36.9,-9.21787,0,800,TRUE,150,31.07,0.57
37,-9.21787,0,800,TRUE,150,31.07,0.57
37.1,-9.21787,5,800,TRUE,150,31.07,0.57
37.2,-9.21787,5,800,TRUE,150,31.07,0.57
38.2,-9.21787,5,800,TRUE,150,31.07,0.57
38.3,-9.21787,5,800,TRUE,150,31.07,0.57
38.4,-9.21787,5,800,TRUE,150,31.07,0.57
38.5,-9.21787,5,800,TRUE,150,31.07,0.57
38.6,-9.21787,5,800,TRUE,150,31.07,0.57
38.7,-9.21787,5,800,TRUE,150,31.07,0.57
38.8,-9.21787,5,800,TRUE,150,31.07,0.57
38.9,-9.21787,5,800,TRUE,150,31.07,0.57
39,-9.21787,5,800,TRUE,150,31.07,0.57
39.1,-9.21787,5,800,TRUE,150,31.07,0.57
39.2,-9.21787,5,800,TRUE,150,31.07,0.57
39.3,-9.21787,5,800,TRUE,150,31.07,0.57
39.4,-9.21787,5,800,TRUE,150,31.07,0.57
39.5,-9.21787,5,800,TRUE,150,31.07,0.57
39.6,-9.21787,5,800,TRUE,150,31.07,0.57
39.7,-9.21787,5,800,TRUE,150,31.07,0.57
39.8,-9.21787,5,800,TRUE,150,31.07,0.57
39.9,-9.21787,5,800,TRUE,150,31.07,0.57
40,-9.21787,5,800,TRUE,150,31.07,0.57
36.9,-9.11787,0,800,TRUE,150,31.07,0.57
37,-9.11787,5,800,TRUE,150,31.07,0.57
37.1,-9.11787,5,800,TRUE,150,31.07,0.57
37.2,-9.11787,5,800,TRUE,150,31.07,0.57
37.3,-9.11787,5,800,TRUE,150,31.07,0.57
37.4,-9.11787,5,800,TRUE,150,31.07,0.57
37.8,-9.11787,5,800,TRUE,150,31.07,0.57
37.9,-9.11787,5,800,TRUE,150,31.07,0.57
38,-9.11787,5,800,TRUE,150,31.07,0.57
38.1,-9.11787,5,800,TRUE,150,31.07,0.57
38.2,-9.11787,5,800,TRUE,150,31.07,0.57
38.3,-9.11787,5,800,TRUE,150,31.07,0.57
38.4,-9.11787,5,800,TRUE,150,31.07,0.57
38.5,-9.11787,5,800,TRUE,150,31.07,0.57
38.6,-9.11787,5,800,TRUE,150,31.07,0.57
38.7,-9.11787,5,800,TRUE,150,31.07,0.57
38.8,-9.11787,5,800,TRUE,150,31.07,0.57
38.9,-9.11787,5,800,TRUE,150,31.07,0.57
39,-9.11787,5,800,TRUE,150,31.07,0.57
39.1,-9.11787,5,800,TRUE,150,31.07,0.57
39.2,-9.11787,5,800,TRUE,150,31.07,0.57
39.3,-9.11787,5,800,TRUE,150,31.07,0.57
39.4,-9.11787,5,800,TRUE,150,31.07,0.57
39.5,-9.11787,5,800,TRUE,150,31.07,0.57
39.6,-9.11787,5,800,TRUE,150,31.07,0.57
39.7,-9.11787,5,800,TRUE,150,31.07,0.57
39.8,-9.11787,5,800,TRUE,150,31.07,0.57
39.9,-9.11787,5,800,TRUE,150,31.07,0.57
40,-9.11787,5,800,TRUE,150,31.07,0.57
40.1,-9.11787,5,800,TRUE,150,31.07,0.57
40.2,-9.11787,5,800,TRUE,150,31.07,0.57
40.3,-9.11787,5,800,TRUE,150,31.07,0.57
40.4,-9.11787,5,800,TRUE,150,31.07,0.57
41.6,-9.11787,5,800,TRUE,150,31.07,0.57
41.7,-9.11787,5,800,TRUE,150,31.07,0.57
41.8,-9.11787,5,800,TRUE,150,31.07,0.57
41.9,-9.11787,5,800,TRUE,150,31.07,0.57
42,-9.11787,5,800,TRUE,150,31.07,0.57
42.1,-9.11787,5,800,TRUE,150,31.07,0.57
42.2,-9.11787,5,800,TRUE,150,31.07,0.57
36.9,-9.01787,0,800,TRUE,150,31.07,0.57
37,-9.01787,5,800,TRUE,150,31.07,0.57
37.1,-9.01787,5,800,TRUE,150,31.07,0.57
37.2,-9.01787,5,800,TRUE,150,31.07,0.57
37.3,-9.01787,5,800,TRUE,150,31.07,0.57
37.4,-9.01787,5,800,TRUE,150,31.07,0.57
37.5,-9.01787,5,800,TRUE,150,31.07,0.57
37.6,-9.01787,5,800,TRUE,150,31.07,0.57
37.7,-9.01787,5,800,TRUE,150,31.07,0.57
37.8,-9.01787,5,800,TRUE,150,31.07,0.57
37.9,-9.01787,5,800,TRUE,150,31.07,0.57
38,-9.01787,5,800,TRUE,150,31.07,0.57
38.1,-9.01787,5,800,TRUE,150,31.07,0.57
38.2,-9.01787,5,800,TRUE,150,31.07,0.57
38.3,-9.01787,5,800,TRUE,150,31.07,0.57
38.4,-9.01787,5,800,TRUE,150,31.07,0.57
38.5,-9.01787,5,800,TRUE,150,31.07,0.57
38.6,-9.01787,5,800,TRUE,150,31.07,0.57
38.7,-9.01787,5,800,TRUE,150,31.07,0.57
38.8,-9.01787,5,800,TRUE,150,31.07,0.57
38.9,-9.01787,5,800,TRUE,150,31.07,0.57
39,-9.01787,5,800,TRUE,150,31.07,0.57
39.1,-9.01787,5,800,TRUE,150,31.07,0.57
39.2,-9.01787,5,800,TRUE,150,31.07,0.57
39.3,-9.01787,5,800,TRUE,150,31.07,0.57
39.4,-9.01787,5,800,TRUE,150,31.07,0.57
39.5,-9.01787,5,800,TRUE,150,31.07,0.57
39.6,-9.01787,5,800,TRUE,150,31.07,0.57
39.7,-9.01787,5,800,TRUE,150,31.07,0.57
39.8,-9.01787,5,800,TRUE,150,31.07,0.57
39.9,-9.01787,5,800,TRUE,150,31.07,0.57
40,-9.01787,5,800,TRUE,150,31.07,0.57
40.1,-9.01787,5,800,TRUE,150,31.07,0.57
40.2,-9.01787,5,800,TRUE,150,31.07,0.57
40.3,-9.01787,5,800,TRUE,150,31.07,0.57
40.4,-9.01787,5,800,TRUE,150,31.07,0.57
40.5,-9.01787,5,800,TRUE,150,31.07,0.57
40.6,-9.01787,5,800,TRUE,150,31.07,0.57
40.7,-9.01787,5,800,TRUE,150,31.07,0.57
41.2,-9.01787,5,800,TRUE,150,31.07,0.57
41.3,-9.01787,5,800,TRUE,150,31.07,0.57
41.4,-9.01787,5,800,TRUE,150,31.07,0.57
41.5,-9.01787,5,800,TRUE,150,31.07,0.57
41.6,-9.01787,5,800,TRUE,150,31.07,0.57
41.7,-9.01787,5,800,TRUE,150,31.07,0.57
41.8,-9.01787,5,800,TRUE,150,31.07,0.57
41.9,-9.01787,5,800,TRUE,150,31.07,0.57
42,-9.01787,5,800,TRUE,150,31.07,0.57
42.1,-9.01787,5,800,TRUE,150,31.07,0.57
42.2,-9.01787,5,800,TRUE,150,31.07,0.57
36.9,-8.91787,0,800,TRUE,150,31.07,0.57
37,-8.91787,5,800,TRUE,150,31.07,0.57
37.1,-8.91787,5,800,TRUE,150,31.07,0.57
37.2,-8.91787,5,800,TRUE,150,31.07,0.57
37.3,-8.91787,5,800,TRUE,150,31.07,0.57
37.4,-8.91787,5,800,TRUE,150,31.07,0.57
37.5,-8.91787,5,800,TRUE,150,31.07,0.57
37.6,-8.91787,5,800,TRUE,150,31.07,0.57
37.7,-8.91787,5,800,TRUE,150,31.07,0.57
37.8,-8.91787,5,800,TRUE,150,31.07,0.57
37.9,-8.91787,5,800,TRUE,150,31.07,0.57
38,-8.91787,5,800,TRUE,150,31.07,0.57
38.1,-8.91787,5,800,TRUE,150,31.07,0.57
38.2,-8.91787,5,800,TRUE,150,31.07,0.57
38.3,-8.91787,5,800,TRUE,150,31.07,0.57
38.4,-8.91787,5,800,TRUE,150,31.07,0.57
38.5,-8.91787,5,800,TRUE,150,31.07,0.57
38.6,-8.91787,5,800,TRUE,150,31.07,0.57
38.7,-8.91787,5,800,TRUE,150,31.07,0.57
38.8,-8.91787,5,800,TRUE,150,31.07,0.57
38.9,-8.91787,5,800,TRUE,150,31.07,0.57
39,-8.91787,5,800,TRUE,150,31.07,0.57
39.1,-8.91787,5,800,TRUE,150,31.07,0.57
39.2,-8.91787,5,800,TRUE,150,31.07,0.57
39.3,-8.91787,5,800,TRUE,150,31.07,0.57
39.4,-8.91787,5,800,TRUE,150,31.07,0.57
39.5,-8.91787,5,800,TRUE,150,31.07,0.57
39.6,-8.91787,5,800,TRUE,150,31.07,0.57
39.7,-8.91787,5,800,TRUE,150,31.07,0.57
39.8,-8.91787,5,800,TRUE,150,31.07,0.57
39.9,-8.91787,5,800,TRUE,150,31.07,0.57
40,-8.91787,5,800,TRUE,150,31.07,0.57
40.1,-8.91787,5,800,TRUE,150,31.07,0.57
40.2,-8.91787,5,800,TRUE,150,31.07,0.57
40.3,-8.91787,5,800,TRUE,150,31.07,0.57
40.4,-8.91787,5,800,TRUE,150,31.07,0.57
40.5,-8.91787,5,800,TRUE,150,31.07,0.57
40.6,-8.91787,5,800,TRUE,150,31.07,0.57
40.7,-8.91787,5,800,TRUE,150,31.07,0.57
40.8,-8.91787,5,800,TRUE,150,31.07,0.57
40.9,-8.91787,5,800,TRUE,150,31.07,0.57
41,-8.91787,5,800,TRUE,150,31.07,0.57
41.1,-8.91787,5,800,TRUE,150,31.07,0.57
41.2,-8.91787,5,800,TRUE,150,31.07,0.57
41.3,-8.91787,5,800,TRUE,150,31.07,0.57
41.4,-8.91787,5,800,TRUE,150,31.07,0.57
41.5,-8.91787,5,800,TRUE,150,31.07,0.57
41.6,-8.91787,5,800,TRUE,150,31.07,0.57
41.7,-8.91787,5,800,TRUE,150,31.07,0.57
41.8,-8.91787,5,800,TRUE,150,31.07,0.57
41.9,-8.91787,5,800,TRUE,150,31.07,0.57
42,-8.91787,5,800,TRUE,150,31.07,0.57
42.1,-8.91787,5,800,TRUE,150,31.07,0.57
42.2,-8.91787,5,800,TRUE,150,31.07,0.57
36.9,-8.81787,0,800,TRUE,150,31.07,0.57
37,-8.81787,5,800,TRUE,150,31.07,0.57
37.1,-8.81787,5,800,TRUE,150,31.07,0.57
37.2,-8.81787,5,800,TRUE,150,31.07,0.57
37.3,-8.81787,5,800,TRUE,150,31.07,0.57
37.4,-8.81787,5,800,TRUE,150,31.07,0.57
37.5,-8.81787,5,800,TRUE,150,31.07,0.57
37.6,-8.81787,5,800,TRUE,150,31.07,0.57
37.7,-8.81787,5,800,TRUE,150,31.07,0.57
37.8,-8.81787,5,800,TRUE,150,31.07,0.57
37.9,-8.81787,5,800,TRUE,150,31.07,0.57
38,-8.81787,5,800,TRUE,150,31.07,0.57
38.1,-8.81787,5,800,TRUE,150,31.07,0.57
38.2,-8.81787,5,800,TRUE,150,31.07,0.57
38.3,-8.81787,5,800,TRUE,150,31.07,0.57
38.4,-8.81787,5,800,TRUE,150,31.07,0.57
38.5,-8.81787,5,800,TRUE,150,31.07,0.57
38.6,-8.81787,5,800,TRUE,150,31.07,0.57
38.7,-8.81787,5,800,TRUE,150,31.07,0.57
38.8,-8.81787,5,800,TRUE,150,31.07,0.57
38.9,-8.81787,5,800,TRUE,150,31.07,0.57
39,-8.81787,5,800,TRUE,150,31.07,0.57
39.1,-8.81787,5,800,TRUE,150,31.07,0.57
39.2,-8.81787,5,800,TRUE,150,31.07,0.57
39.3,-8.81787,5,800,TRUE,150,31.07,0.57
39.4,-8.81787,5,800,TRUE,150,31.07,0.57
39.5,-8.81787,5,800,TRUE,150,31.07,0.57
39.6,-8.81787,5,800,TRUE,150,31.07,0.57
39.7,-8.81787,5,800,TRUE,150,31.07,0.57
39.8,-8.81787,5,800,TRUE,150,31.07,0.57
39.9,-8.81787,5,800,TRUE,150,31.07,0.57
40,-8.81787,5,800,TRUE,150,31.07,0.57
40.1,-8.81787,5,800,TRUE,150,31.07,0.57
40.2,-8.81787,5,800,TRUE,150,31.07,0.57
40.3,-8.81787,5,800,TRUE,150,31.07,0.57
40.4,-8.81787,5,800,TRUE,150,31.07,0.57
40.5,-8.81787,5,800,TRUE,150,31.07,0.57
40.6,-8.81787,5,800,TRUE,150,31.07,0.57
40.7,-8.81787,5,800,TRUE,150,31.07,0.57
40.8,-8.81787,5,800,TRUE,150,31.07,0.57
40.9,-8.81787,5,800,TRUE,150,31.07,0.57
41,-8.81787,5,800,TRUE,150,31.07,0.57
41.1,-8.81787,5,800,TRUE,150,31.07,0.57
41.2,-8.81787,5,800,TRUE,150,31.07,0.57
41.3,-8.81787,5,800,TRUE,150,31.07,0.57
41.4,-8.81787,5,800,TRUE,150,31.07,0.57
41.5,-8.81787,5,800,TRUE,150,31.07,0.57
41.6,-8.81787,5,800,TRUE,150,31.07,0.57
41.7,-8.81787,5,800,TRUE,150,31.07,0.57
41.8,-8.81787,5,800,TRUE,150,31.07,0.57
41.9,-8.81787,5,800,TRUE,150,31.07,0.57
42,-8.81787,5,800,TRUE,150,31.07,0.57
42.1,-8.81787,5,800,TRUE,150,31.07,0.57
42.2,-8.81787,5,800,TRUE,150,31.07,0.57
36.9,-8.71787,0,800,TRUE,150,31.07,0.57
37,-8.71787,5,800,TRUE,150,31.07,0.57
37.1,-8.71787,5,800,TRUE,150,31.07,0.57
37.2,-8.71787,5,800,TRUE,150,31.07,0.57
37.3,-8.71787,5,800,TRUE,150,31.07,0.57
37.4,-8.71787,5,800,TRUE,150,31.07,0.57
37.5,-8.71787,5,800,TRUE,150,31.07,0.57
37.6,-8.71787,5,800,TRUE,150,31.07,0.57
37.7,-8.71787,5,800,TRUE,150,31.07,0.57
37.8,-8.71787,5,800,TRUE,150,31.07,0.57
37.9,-8.71787,5,800,TRUE,150,31.07,0.57
38,-8.71787,5,800,TRUE,150,31.07,0.57
38.1,-8.71787,5,800,TRUE,150,31.07,0.57
38.2,-8.71787,5,800,TRUE,150,31.07,0.57
38.3,-8.71787,5,800,TRUE,150,31.07,0.57
38.4,-8.71787,5,800,TRUE,150,31.07,0.57
38.5,-8.71787,5,800,TRUE,150,31.07,0.57
38.6,-8.71787,5,800,TRUE,150,31.07,0.57
38.7,-8.71787,5,800,TRUE,150,31.07,0.57
38.8,-8.71787,5,800,TRUE,150,31.07,0.57
38.9,-8.71787,5,800,TRUE,150,31.07,0.57
39,-8.71787,5,800,TRUE,150,31.07,0.57
39.1,-8.71787,5,800,TRUE,150,31.07,0.57
39.2,-8.71787,5,800,TRUE,150,31.07,0.57
39.3,-8.71787,5,800,TRUE,150,31.07,0.57
39.4,-8.71787,5,800,TRUE,150,31.07,0.57
39.5,-8.71787,5,800,TRUE,150,31.07,0.57
39.6,-8.71787,5,800,TRUE,150,31.07,0.57
39.7,-8.71787,5,800,TRUE,150,31.07,0.57
39.8,-8.71787,5,800,TRUE,150,31.07,0.57
39.9,-8.71787,5,800,TRUE,150,31.07,0.57
40,-8.71787,5,800,TRUE,150,31.07,0.57
40.1,-8.71787,5,800,TRUE,150,31.07,0.57
40.2,-8.71787,5,800,TRUE,150,31.07,0.57
40.3,-8.71787,5,800,TRUE,150,31.07,0.57
40.4,-8.71787,5,800,TRUE,150,31.07,0.57
40.5,-8.71787,5,800,TRUE,150,31.07,0.57
40.6,-8.71787,5,800,TRUE,150,31.07,0.57
40.7,-8.71787,5,800,TRUE,150,31.07,0.57
40.8,-8.71787,5,800,TRUE,150,31.07,0.57
40.9,-8.71787,5,800,TRUE,150,31.07,0.57
41,-8.71787,5,800,TRUE,150,31.07,0.57
41.1,-8.71787,5,800,TRUE,150,31.07,0.57
41.2,-8.71787,5,800,TRUE,150,31.07,0.57
41.3,-8.71787,5,800,TRUE,150,31.07,0.57
41.4,-8.71787,5,800,TRUE,150,31.07,0.57
41.5,-8.71787,5,800,TRUE,150,31.07,0.57
41.6,-8.71787,5,800,TRUE,150,31.07,0.57
41.7,-8.71787,5,800,TRUE,150,31.07,0.57
41.8,-8.71787,5,800,TRUE,150,31.07,0.57
41.9,-8.71787,5,800,TRUE,150,31.07,0.57
42,-8.71787,5,800,TRUE,150,31.07,0.57
42.1,-8.71787,5,800,TRUE,150,31.07,0.57
42.2,-8.71787,5,800,TRUE,150,31.07,0.57
36.9,-8.61787,0,800,TRUE,150,31.07,0.57
37,-8.61787,5,800,TRUE,150,31.07,0.57
37.1,-8.61787,5,800,TRUE,150,31.07,0.57
37.2,-8.61787,5,800,TRUE,150,31.07,0.57
37.3,-8.61787,5,800,TRUE,150,31.07,0.57
37.4,-8.61787,5,800,TRUE,150,31.07,0.57
37.5,-8.61787,5,800,TRUE,150,31.07,0.57
37.6,-8.61787,5,800,TRUE,150,31.07,0.57
37.7,-8.61787,5,800,TRUE,150,31.07,0.57
37.8,-8.61787,5,800,TRUE,150,31.07,0.57
37.9,-8.61787,5,800,TRUE,150,31.07,0.57
38,-8.61787,5,800,TRUE,150,31.07,0.57
38.1,-8.61787,5,800,TRUE,150,31.07,0.57
38.2,-8.61787,5,800,TRUE,150,31.07,0.57
38.3,-8.61787,5,800,TRUE,150,31.07,0.57
38.4,-8.61787,5,800,TRUE,150,31.07,0.57
38.5,-8.61787,5,800,TRUE,150,31.07,0.57
38.6,-8.61787,5,800,TRUE,150,31.07,0.57
38.7,-8.61787,5,800,TRUE,150,31.07,0.57
38.8,-8.61787,5,800,TRUE,150,31.07,0.57
38.9,-8.61787,5,800,TRUE,150,31.07,0.57
39,-8.61787,5,800,TRUE,150,31.07,0.57
39.1,-8.61787,5,800,TRUE,150,31.07,0.57
39.2,-8.61787,5,800,TRUE,150,31.07,0.57
39.3,-8.61787,5,800,TRUE,150,31.07,0.57
39.4,-8.61787,5,800,TRUE,150,31.07,0.57
39.5,-8.61787,5,800,TRUE,150,31.07,0.57
39.6,-8.61787,5,800,TRUE,150,31.07,0.57
39.7,-8.61787,5,800,TRUE,150,31.07,0.57
39.8,-8.61787,5,800,TRUE,150,31.07,0.57
39.9,-8.61787,5,800,TRUE,150,31.07,0.57
40,-8.61787,5,800,TRUE,150,31.07,0.57
40.1,-8.61787,5,800,TRUE,150,31.07,0.57
40.2,-8.61787,5,800,TRUE,150,31.07,0.57
40.3,-8.61787,5,800,TRUE,150,31.07,0.57
40.4,-8.61787,5,800,TRUE,150,31.07,0.57
40.5,-8.61787,5,800,TRUE,150,31.07,0.57
40.6,-8.61787,5,800,TRUE,150,31.07,0.57
40.7,-8.61787,5,800,TRUE,150,31.07,0.57
40.8,-8.61787,5,800,TRUE,150,31.07,0.57
40.9,-8.61787,5,800,TRUE,150,31.07,0.57
41,-8.61787,5,800,TRUE,150,31.07,0.57
41.1,-8.61787,5,800,TRUE,150,31.07,0.57
41.2,-8.61787,5,800,TRUE,150,31.07,0.57
41.3,-8.61787,5,800,TRUE,150,31.07,0.57
41.4,-8.61787,5,800,TRUE,150,31.07,0.57
41.5,-8.61787,5,800,TRUE,150,31.07,0.57
41.6,-8.61787,5,800,TRUE,150,31.07,0.57
41.7,-8.61787,5,800,TRUE,150,31.07,0.57
41.8,-8.61787,5,800,TRUE,150,31.07,0.57
41.9,-8.61787,5,800,TRUE,150,31.07,0.57
42,-8.61787,5,800,TRUE,150,31.07,0.57
42.1,-8.61787,5,800,TRUE,150,31.07,0.57
42.2,-8.61787,5,800,TRUE,150,31.07,0.57
36.9,-8.51787,0,800,TRUE,150,31.07,0.57
37,-8.51787,5,800,TRUE,150,31.07,0.57
37.1,-8.51787,5,800,TRUE,150,31.07,0.57
37.2,-8.51787,5,800,TRUE,150,31.07,0.57
37.3,-8.51787,5,800,TRUE,150,31.07,0.57
37.4,-8.51787,5,800,TRUE,150,31.07,0.57
37.5,-8.51787,5,800,TRUE,150,31.07,0.57
37.6,-8.51787,5,800,TRUE,150,31.07,0.57
37.7,-8.51787,5,800,TRUE,150,31.07,0.57
37.8,-8.51787,5,800,TRUE,150,31.07,0.57
37.9,-8.51787,5,800,TRUE,150,31.07,0.57
38,-8.51787,5,800,TRUE,150,31.07,0.57
38.1,-8.51787,5,800,TRUE,150,31.07,0.57
38.2,-8.51787,5,800,TRUE,150,31.07,0.57
38.3,-8.51787,5,800,TRUE,150,31.07,0.57
38.4,-8.51787,5,800,TRUE,150,31.07,0.57
38.5,-8.51787,5,800,TRUE,150,31.07,0.57
38.6,-8.51787,5,800,TRUE,150,31.07,0.57
38.7,-8.51787,5,800,TRUE,150,31.07,0.57
38.8,-8.51787,5,800,TRUE,150,31.07,0.57
38.9,-8.51787,5,800,TRUE,150,31.07,0.57
39,-8.51787,5,800,TRUE,150,31.07,0.57
39.1,-8.51787,5,800,TRUE,150,31.07,0.57
39.2,-8.51787,5,800,TRUE,150,31.07,0.57
39.3,-8.51787,5,800,TRUE,150,31.07,0.57
39.4,-8.51787,5,800,TRUE,150,31.07,0.57
39.5,-8.51787,5,800,TRUE,150,31.07,0.57
39.6,-8.51787,5,800,TRUE,150,31.07,0.57
39.7,-8.51787,5,800,TRUE,150,31.07,0.57
39.8,-8.51787,5,800,TRUE,150,31.07,0.57
39.9,-8.51787,5,800,TRUE,150,31.07,0.57
40,-8.51787,5,800,TRUE,150,31.07,0.57
40.1,-8.51787,5,800,TRUE,150,31.07,0.57
40.2,-8.51787,5,800,TRUE,150,31.07,0.57
40.3,-8.51787,5,800,TRUE,150,31.07,0.57
40.4,-8.51787,5,800,TRUE,150,31.07,0.57
40.5,-8.51787,5,800,TRUE,150,31.07,0.57
40.6,-8.51787,5,800,TRUE,150,31.07,0.57
40.7,-8.51787,5,800,TRUE,150,31.07,0.57
40.8,-8.51787,5,800,TRUE,150,31.07,0.57
40.9,-8.51787,5,800,TRUE,150,31.07,0.57
41,-8.51787,5,800,TRUE,150,31.07,0.57
41.1,-8.51787,5,800,TRUE,150,31.07,0.57
41.2,-8.51787,5,800,TRUE,150,31.07,0.57
41.3,-8.51787,5,800,TRUE,150,31.07,0.57
41.4,-8.51787,5,800,TRUE,150,31.07,0.57
41.5,-8.51787,5,800,TRUE,150,31.07,0.57
41.6,-8.51787,5,800,TRUE,150,31.07,0.57
41.7,-8.51787,5,800,TRUE,150,31.07,0.57
41.8,-8.51787,5,800,TRUE,150,31.07,0.57
41.9,-8.51787,5,800,TRUE,150,31.07,0.57
42,-8.51787,5,800,TRUE,150,31.07,0.57
42.1,-8.51787,5,800,TRUE,150,31.07,0.57
42.2,-8.51787,5,800,TRUE,150,31.07,0.57
36.9,-8.41787,0,800,TRUE,150,31.07,0.57
37,-8.41787,5,800,TRUE,150,31.07,0.57
37.1,-8.41787,5,800,TRUE,150,31.07,0.57
37.2,-8.41787,5,800,TRUE,150,31.07,0.57
37.3,-8.41787,5,800,TRUE,150,31.07,0.57
37.4,-8.41787,5,800,TRUE,150,31.07,0.57
37.5,-8.41787,5,800,TRUE,150,31.07,0.57
37.6,-8.41787,5,800,TRUE,150,31.07,0.57
37.7,-8.41787,5,800,TRUE,150,31.07,0.57
37.8,-8.41787,5,800,TRUE,150,31.07,0.57
37.9,-8.41787,5,800,TRUE,150,31.07,0.57
38,-8.41787,5,800,TRUE,150,31.07,0.57
38.1,-8.41787,5,800,TRUE,150,31.07,0.57
38.2,-8.41787,5,800,TRUE,150,31.07,0.57
38.3,-8.41787,5,800,TRUE,150,31.07,0.57
38.4,-8.41787,5,800,TRUE,150,31.07,0.57
38.5,-8.41787,5,800,TRUE,150,31.07,0.57
38.6,-8.41787,5,800,TRUE,150,31.07,0.57
38.7,-8.41787,5,800,TRUE,150,31.07,0.57
38.8,-8.41787,5,800,TRUE,150,31.07,0.57
38.9,-8.41787,5,800,TRUE,150,31.07,0.57
39,-8.41787,5,800,TRUE,150,31.07,0.57
39.1,-8.41787,5,800,TRUE,150,31.07,0.57
39.2,-8.41787,5,800,TRUE,150,31.07,0.57
39.3,-8.41787,5,800,TRUE,150,31.07,0.57
39.4,-8.41787,5,800,TRUE,150,31.07,0.57
39.5,-8.41787,5,800,TRUE,150,31.07,0.57
39.6,-8.41787,5,800,TRUE,150,31.07,0.57
39.7,-8.41787,5,800,TRUE,150,31.07,0.57
39.8,-8.41787,5,800,TRUE,150,31.07,0.57
39.9,-8.41787,5,800,TRUE,150,31.07,0.57
40,-8.41787,5,800,TRUE,150,31.07,0.57
40.1,-8.41787,5,800,TRUE,150,31.07,0.57
40.2,-8.41787,5,800,TRUE,150,31.07,0.57
40.3,-8.41787,5,800,TRUE,150,31.07,0.57
40.4,-8.41787,5,800,TRUE,150,31.07,0.57
40.5,-8.41787,5,800,TRUE,150,31.07,0.57
40.6,-8.41787,5,800,TRUE,150,31.07,0.57
40.7,-8.41787,5,800,TRUE,150,31.07,0.57
40.8,-8.41787,5,800,TRUE,150,31.07,0.57
40.9,-8.41787,5,800,TRUE,150,31.07,0.57
41,-8.41787,5,800,TRUE,150,31.07,0.57
41.1,-8.41787,5,800,TRUE,150,31.07,0.57
41.2,-8.41787,5,800,TRUE,150,31.07,0.57
41.3,-8.41787,5,800,TRUE,150,31.07,0.57
41.4,-8.41787,5,800,TRUE,150,31.07,0.57
41.5,-8.41787,5,800,TRUE,150,31.07,0.57
41.6,-8.41787,5,800,TRUE,150,31.07,0.57
41.7,-8.41787,5,800,TRUE,150,31.07,0.57
41.8,-8.41787,5,800,TRUE,150,31.07,0.57
41.9,-8.41787,5,800,TRUE,150,31.07,0.57
42,-8.41787,5,800,TRUE,150,31.07,0.57
42.1,-8.41787,5,800,TRUE,150,31.07,0.57
42.2,-8.41787,5,800,TRUE,150,31.07,0.57
36.9,-8.31787,0,800,TRUE,150,31.07,0.57
37,-8.31787,5,800,TRUE,150,31.07,0.57
37.1,-8.31787,5,800,TRUE,150,31.07,0.57
37.2,-8.31787,5,800,TRUE,150,31.07,0.57
37.3,-8.31787,5,800,TRUE,150,31.07,0.57
37.4,-8.31787,5,800,TRUE,150,31.07,0.57
37.5,-8.31787,5,800,TRUE,150,31.07,0.57
37.6,-8.31787,5,800,TRUE,150,31.07,0.57
37.7,-8.31787,5,800,TRUE,150,31.07,0.57
37.8,-8.31787,5,800,TRUE,150,31.07,0.57
37.9,-8.31787,5,800,TRUE,150,31.07,0.57
38,-8.31787,5,800,TRUE,150,31.07,0.57
38.1,-8.31787,5,800,TRUE,150,31.07,0.57
38.2,-8.31787,5,800,TRUE,150,31.07,0.57
38.3,-8.31787,5,800,TRUE,150,31.07,0.57
38.4,-8.31787,5,800,TRUE,150,31.07,0.57
38.5,-8.31787,5,800,TRUE,150,31.07,0.57
38.6,-8.31787,5,800,TRUE,150,31.07,0.57
38.7,-8.31787,5,800,TRUE,150,31.07,0.57
38.8,-8.31787,5,800,TRUE,150,31.07,0.57
38.9,-8.31787,5,800,TRUE,150,31.07,0.57
39,-8.31787,5,800,TRUE,150,31.07,0.57
39.1,-8.31787,5,800,TRUE,150,31.07,0.57
39.2,-8.31787,5,800,TRUE,150,31.07,0.57
39.3,-8.31787,5,800,TRUE,150,31.07,0.57
39.4,-8.31787,5,800,TRUE,150,31.07,0.57
39.5,-8.31787,5,800,TRUE,150,31.07,0.57
39.6,-8.31787,5,800,TRUE,150,31.07,0.57
39.7,-8.31787,5,800,TRUE,150,31.07,0.57
39.8,-8.31787,5,800,TRUE,150,31.07,0.57
39.9,-8.31787,5,800,TRUE,150,31.07,0.57
40,-8.31787,5,800,TRUE,150,31.07,0.57
40.1,-8.31787,5,800,TRUE,150,31.07,0.57
40.2,-8.31787,5,800,TRUE,150,31.07,0.57
40.3,-8.31787,5,800,TRUE,150,31.07,0.57
40.4,-8.31787,5,800,TRUE,150,31.07,0.57
40.5,-8.31787,5,800,TRUE,150,31.07,0.57
40.6,-8.31787,5,800,TRUE,150,31.07,0.57
40.7,-8.31787,5,800,TRUE,150,31.07,0.57
40.8,-8.31787,5,800,TRUE,150,31.07,0.57
40.9,-8.31787,5,800,TRUE,150,31.07,0.57
41,-8.31787,5,800,TRUE,150,31.07,0.57
41.1,-8.31787,5,800,TRUE,150,31.07,0.57
41.2,-8.31787,5,800,TRUE,150,31.07,0.57
41.3,-8.31787,5,800,TRUE,150,31.07,0.57
41.4,-8.31787,5,800,TRUE,150,31.07,0.57
41.5,-8.31787,5,800,TRUE,150,31.07,0.57
41.6,-8.31787,5,800,TRUE,150,31.07,0.57
41.7,-8.31787,5,800,TRUE,150,31.07,0.57
41.8,-8.31787,5,800,TRUE,150,31.07,0.57
41.9,-8.31787,5,800,TRUE,150,31.07,0.57
42,-8.31787,5,800,TRUE,150,31.07,0.57
42.1,-8.31787,5,800,TRUE,150,31.07,0.57
42.2,-8.31787,5,800,TRUE,150,31.07,0.57
36.9,-8.21787,0,800,TRUE,150,31.07,0.57
37,-8.21787,5,800,TRUE,150,31.07,0.57
37.1,-8.21787,5,800,TRUE,150,31.07,0.57
37.2,-8.21787,5,800,TRUE,150,31.07,0.57
37.3,-8.21787,5,800,TRUE,150,31.07,0.57
37.4,-8.21787,5,800,TRUE,150,31.07,0.57
37.5,-8.21787,5,800,TRUE,150,31.07,0.57
37.6,-8.21787,5,800,TRUE,150,31.07,0.57
37.7,-8.21787,5,800,TRUE,150,31.07,0.57
37.8,-8.21787,5,800,TRUE,150,31.07,0.57
37.9,-8.21787,5,800,TRUE,150,31.07,0.57
38,-8.21787,5,800,TRUE,150,31.07,0.57
38.1,-8.21787,5,800,TRUE,150,31.07,0.57
38.2,-8.21787,5,800,TRUE,150,31.07,0.57
38.3,-8.21787,5,800,TRUE,150,31.07,0.57
38.4,-8.21787,5,800,TRUE,150,31.07,0.57
38.5,-8.21787,5,800,TRUE,150,31.07,0.57
38.6,-8.21787,5,800,TRUE,150,31.07,0.57
38.7,-8.21787,5,800,TRUE,150,31.07,0.57
38.8,-8.21787,5,800,TRUE,150,31.07,0.57
38.9,-8.21787,5,800,TRUE,150,31.07,0.57
39,-8.21787,5,800,TRUE,150,31.07,0.57
39.1,-8.21787,5,800,TRUE,150,31.07,0.57
39.2,-8.21787,5,800,TRUE,150,31.07,0.57
39.3,-8.21787,5,800,TRUE,150,31.07,0.57
39.4,-8.21787,5,800,TRUE,150,31.07,0.57
39.5,-8.21787,5,800,TRUE,150,31.07,0.57
39.6,-8.21787,5,800,TRUE,150,31.07,0.57
39.7,-8.21787,5,800,TRUE,150,31.07,0.57
39.8,-8.21787,5,800,TRUE,150,31.07,0.57
39.9,-8.21787,5,800,TRUE,150,31.07,0.57
40,-8.21787,5,800,TRUE,150,31.07,0.57
40.1,-8.21787,5,800,TRUE,150,31.07,0.57
40.2,-8.21787,5,800,TRUE,150,31.07,0.57
40.3,-8.21787,5,800,TRUE,150,31.07,0.57
40.4,-8.21787,5,800,TRUE,150,31.07,0.57
40.5,-8.21787,5,800,TRUE,150,31.07,0.57
40.6,-8.21787,5,800,TRUE,150,31.07,0.57
40.7,-8.21787,5,800,TRUE,150,31.07,0.57
40.8,-8.21787,5,800,TRUE,150,31.07,0.57
40.9,-8.21787,5,800,TRUE,150,31.07,0.57
41,-8.21787,5,800,TRUE,150,31.07,0.57
41.1,-8.21787,5,800,TRUE,150,31.07,0.57
41.2,-8.21787,5,800,TRUE,150,31.07,0.57
41.3,-8.21787,5,800,TRUE,150,31.07,0.57
41.4,-8.21787,5,800,TRUE,150,31.07,0.57
41.5,-8.21787,5,800,TRUE,150,31.07,0.57
41.6,-8.21787,5,800,TRUE,150,31.07,0.57
41.7,-8.21787,5,800,TRUE,150,31.07,0.57
41.8,-8.21787,5,800,TRUE,150,31.07,0.57
41.9,-8.21787,5,800,TRUE,150,31.07,0.57
42,-8.21787,5,800,TRUE,150,31.07,0.57
42.1,-8.21787,5,800,TRUE,150,31.07,0.57
42.2,-8.21787,5,800,TRUE,150,31.07,0.57
36.9,-8.11787,0,800,TRUE,150,31.07,0.57
37,-8.11787,0,800,TRUE,150,31.07,0.57
37.1,-8.11787,5,800,TRUE,150,31.07,0.57
37.2,-8.11787,5,800,TRUE,150,31.07,0.57
37.3,-8.11787,5,800,TRUE,150,31.07,0.57
37.4,-8.11787,5,800,TRUE,150,31.07,0.57
37.5,-8.11787,5,800,TRUE,150,31.07,0.57
37.6,-8.11787,5,800,TRUE,150,31.07,0.57
37.7,-8.11787,5,800,TRUE,150,31.07,0.57
37.8,-8.11787,5,800,TRUE,150,31.07,0.57
37.9,-8.11787,5,800,TRUE,150,31.07,0.57
38,-8.11787,5,800,TRUE,150,31.07,0.57
38.1,-8.11787,5,800,TRUE,150,31.07,0.57
38.2,-8.11787,5,800,TRUE,150,31.07,0.57
38.3,-8.11787,5,800,TRUE,150,31.07,0.57
38.4,-8.11787,5,800,TRUE,150,31.07,0.57
38.5,-8.11787,5,800,TRUE,150,31.07,0.57
38.6,-8.11787,5,800,TRUE,150,31.07,0.57
38.7,-8.11787,5,800,TRUE,150,31.07,0.57
38.8,-8.11787,5,800,TRUE,150,31.07,0.57
38.9,-8.11787,5,800,TRUE,150,31.07,0.57
39,-8.11787,5,800,TRUE,150,31.07,0.57
39.1,-8.11787,5,800,TRUE,150,31.07,0.57
39.2,-8.11787,5,800,TRUE,150,31.07,0.57
39.3,-8.11787,5,800,TRUE,150,31.07,0.57
39.4,-8.11787,5,800,TRUE,150,31.07,0.57
39.5,-8.11787,5,800,TRUE,150,31.07,0.57
39.6,-8.11787,5,800,TRUE,150,31.07,0.57
39.7,-8.11787,5,800,TRUE,150,31.07,0.57
39.8,-8.11787,5,800,TRUE,150,31.07,0.57
39.9,-8.11787,5,800,TRUE,150,31.07,0.57
40,-8.11787,5,800,TRUE,150,31.07,0.57
40.1,-8.11787,5,800,TRUE,150,31.07,0.57
40.2,-8.11787,5,800,TRUE,150,31.07,0.57
40.3,-8.11787,5,800,TRUE,150,31.07,0.57
40.4,-8.11787,5,800,TRUE,150,31.07,0.57
40.5,-8.11787,5,800,TRUE,150,31.07,0.57
40.6,-8.11787,5,800,TRUE,150,31.07,0.57
40.7,-8.11787,5,800,TRUE,150,31.07,0.57
40.8,-8.11787,5,800,TRUE,150,31.07,0.57
40.9,-8.11787,5,800,TRUE,150,31.07,0.57
41,-8.11787,5,800,TRUE,150,31.07,0.57
41.1,-8.11787,5,800,TRUE,150,31.07,0.57
41.2,-8.11787,5,800,TRUE,150,31.07,0.57
41.3,-8.11787,5,800,TRUE,150,31.07,0.57
41.4,-8.11787,5,800,TRUE,150,31.07,0.57
41.5,-8.11787,5,800,TRUE,150,31.07,0.57
41.6,-8.11787,5,800,TRUE,150,31.07,0.57
41.7,-8.11787,5,800,TRUE,150,31.07,0.57
41.8,-8.11787,5,800,TRUE,150,31.07,0.57
41.9,-8.11787,5,800,TRUE,150,31.07,0.57
42,-8.11787,5,800,TRUE,150,31.07,0.57
42.1,-8.11787,5,800,TRUE,150,31.07,0.57
42.2,-8.11787,5,800,TRUE,150,31.07,0.57
36.9,-8.01787,0,800,TRUE,150,31.07,0.57
37,-8.01787,0,800,TRUE,150,31.07,0.57
37.1,-8.01787,5,800,TRUE,150,31.07,0.57
37.2,-8.01787,5,800,TRUE,150,31.07,0.57
37.3,-8.01787,5,800,TRUE,150,31.07,0.57
37.4,-8.01787,5,800,TRUE,150,31.07,0.57
37.5,-8.01787,5,800,TRUE,150,31.07,0.57
37.6,-8.01787,5,800,TRUE,150,31.07,0.57
37.7,-8.01787,5,800,TRUE,150,31.07,0.57
37.8,-8.01787,5,800,TRUE,150,31.07,0.57
37.9,-8.01787,5,800,TRUE,150,31.07,0.57
38,-8.01787,5,800,TRUE,150,31.07,0.57
38.1,-8.01787,5,800,TRUE,150,31.07,0.57
38.2,-8.01787,5,800,TRUE,150,31.07,0.57
38.3,-8.01787,5,800,TRUE,150,31.07,0.57
38.4,-8.01787,5,800,TRUE,150,31.07,0.57
38.5,-8.01787,5,800,TRUE,150,31.07,0.57
38.6,-8.01787,5,800,TRUE,150,31.07,0.57
38.7,-8.01787,5,800,TRUE,150,31.07,0.57
38.8,-8.01787,5,800,TRUE,150,31.07,0.57
38.9,-8.01787,5,800,TRUE,150,31.07,0.57
39,-8.01787,5,800,TRUE,150,31.07,0.57
39.1,-8.01787,5,800,TRUE,150,31.07,0.57
39.2,-8.01787,5,800,TRUE,150,31.07,0.57
39.3,-8.01787,5,800,TRUE,150,31.07,0.57
39.4,-8.01787,5,800,TRUE,150,31.07,0.57
39.5,-8.01787,5,800,TRUE,150,31.07,0.57
39.6,-8.01787,5,800,TRUE,150,31.07,0.57
39.7,-8.01787,5,800,TRUE,150,31.07,0.57
39.8,-8.01787,5,800,TRUE,150,31.07,0.57
39.9,-8.01787,5,800,TRUE,150,31.07,0.57
40,-8.01787,5,800,TRUE,150,31.07,0.57
40.1,-8.01787,5,800,TRUE,150,31.07,0.57
40.2,-8.01787,5,800,TRUE,150,31.07,0.57
40.3,-8.01787,5,800,TRUE,150,31.07,0.57
40.4,-8.01787,5,800,TRUE,150,31.07,0.57
40.5,-8.01787,5,800,TRUE,150,31.07,0.57
40.6,-8.01787,5,800,TRUE,150,31.07,0.57
40.7,-8.01787,5,800,TRUE,150,31.07,0.57
40.8,-8.01787,5,800,TRUE,150,31.07,0.57
40.9,-8.01787,5,800,TRUE,150,31.07,0.57
41,-8.01787,5,800,TRUE,150,31.07,0.57
41.1,-8.01787,5,800,TRUE,150,31.07,0.57
41.2,-8.01787,5,800,TRUE,150,31.07,0.57
41.3,-8.01787,5,800,TRUE,150,31.07,0.57
41.4,-8.01787,5,800,TRUE,150,31.07,0.57
41.5,-8.01787,5,800,TRUE,150,31.07,0.57
41.6,-8.01787,5,800,TRUE,150,31.07,0.57
41.7,-8.01787,5,800,TRUE,150,31.07,0.57
41.8,-8.01787,5,800,TRUE,150,31.07,0.57
41.9,-8.01787,5,800,TRUE,150,31.07,0.57
42,-8.01787,5,800,TRUE,150,31.07,0.57
42.1,-8.01787,5,800,TRUE,150,31.07,0.57
42.2,-8.01787,5,800,TRUE,150,31.07,0.57
36.9,-7.91787,0,800,TRUE,150,31.07,0.57
37,-7.91787,0,800,TRUE,150,31.07,0.57
37.1,-7.91787,5,800,TRUE,150,31.07,0.57
37.2,-7.91787,5,800,TRUE,150,31.07,0.57
37.3,-7.91787,5,800,TRUE,150,31.07,0.57
37.4,-7.91787,5,800,TRUE,150,31.07,0.57
37.5,-7.91787,5,800,TRUE,150,31.07,0.57
37.6,-7.91787,5,800,TRUE,150,31.07,0.57
37.7,-7.91787,5,800,TRUE,150,31.07,0.57
37.8,-7.91787,5,800,TRUE,150,31.07,0.57
37.9,-7.91787,5,800,TRUE,150,31.07,0.57
38,-7.91787,5,800,TRUE,150,31.07,0.57
38.1,-7.91787,5,800,TRUE,150,31.07,0.57
38.2,-7.91787,5,800,TRUE,150,31.07,0.57
38.3,-7.91787,5,800,TRUE,150,31.07,0.57
38.4,-7.91787,5,800,TRUE,150,31.07,0.57
38.5,-7.91787,5,800,TRUE,150,31.07,0.57
38.6,-7.91787,5,800,TRUE,150,31.07,0.57
38.7,-7.91787,5,800,TRUE,150,31.07,0.57
38.8,-7.91787,5,800,TRUE,150,31.07,0.57
38.9,-7.91787,5,800,TRUE,150,31.07,0.57
39,-7.91787,5,800,TRUE,150,31.07,0.57
39.1,-7.91787,5,800,TRUE,150,31.07,0.57
39.2,-7.91787,5,800,TRUE,150,31.07,0.57
39.3,-7.91787,5,800,TRUE,150,31.07,0.57
39.4,-7.91787,5,800,TRUE,150,31.07,0.57
39.5,-7.91787,5,800,TRUE,150,31.07,0.57
39.6,-7.91787,5,800,TRUE,150,31.07,0.57
39.7,-7.91787,5,800,TRUE,150,31.07,0.57
39.8,-7.91787,5,800,TRUE,150,31.07,0.57
39.9,-7.91787,5,800,TRUE,150,31.07,0.57
40,-7.91787,5,800,TRUE,150,31.07,0.57
40.1,-7.91787,5,800,TRUE,150,31.07,0.57
40.2,-7.91787,5,800,TRUE,150,31.07,0.57
40.3,-7.91787,5,800,TRUE,150,31.07,0.57
40.4,-7.91787,5,800,TRUE,150,31.07,0.57
40.5,-7.91787,5,800,TRUE,150,31.07,0.57
40.6,-7.91787,5,800,TRUE,150,31.07,0.57
40.7,-7.91787,5,800,TRUE,150,31.07,0.57
40.8,-7.91787,5,800,TRUE,150,31.07,0.57
40.9,-7.91787,5,800,TRUE,150,31.07,0.57
41,-7.91787,5,800,TRUE,150,31.07,0.57
41.1,-7.91787,5,800,TRUE,150,31.07,0.57
41.2,-7.91787,5,800,TRUE,150,31.07,0.57
41.3,-7.91787,5,800,TRUE,150,31.07,0.57
41.4,-7.91787,5,800,TRUE,150,31.07,0.57
41.5,-7.91787,5,800,TRUE,150,31.07,0.57
41.6,-7.91787,5,800,TRUE,150,31.07,0.57
41.7,-7.91787,5,800,TRUE,150,31.07,0.57
41.8,-7.91787,5,800,TRUE,150,31.07,0.57
41.9,-7.91787,5,800,TRUE,150,31.07,0.57
42,-7.91787,5,800,TRUE,150,31.07,0.57
42.1,-7.91787,5,800,TRUE,150,31.07,0.57
42.2,-7.91787,5,800,TRUE,150,31.07,0.57
36.9,-7.81787,0,800,TRUE,150,31.07,0.57
37,-7.81787,0,800,TRUE,150,31.07,0.57
37.1,-7.81787,5,800,TRUE,150,31.07,0.57
37.2,-7.81787,5,800,TRUE,150,31.07,0.57
37.3,-7.81787,5,800,TRUE,150,31.07,0.57
37.4,-7.81787,5,800,TRUE,150,31.07,0.57
37.5,-7.81787,5,800,TRUE,150,31.07,0.57
37.6,-7.81787,5,800,TRUE,150,31.07,0.57
37.7,-7.81787,5,800,TRUE,150,31.07,0.57
37.8,-7.81787,5,800,TRUE,150,31.07,0.57
37.9,-7.81787,5,800,TRUE,150,31.07,0.57
38,-7.81787,5,800,TRUE,150,31.07,0.57
38.1,-7.81787,5,800,TRUE,150,31.07,0.57
38.2,-7.81787,5,800,TRUE,150,31.07,0.57
38.3,-7.81787,5,800,TRUE,150,31.07,0.57
38.4,-7.81787,5,800,TRUE,150,31.07,0.57
38.5,-7.81787,5,800,TRUE,150,31.07,0.57
38.6,-7.81787,5,800,TRUE,150,31.07,0.57
38.7,-7.81787,5,800,TRUE,150,31.07,0.57
38.8,-7.81787,5,800,TRUE,150,31.07,0.57
38.9,-7.81787,5,800,TRUE,150,31.07,0.57
39,-7.81787,5,800,TRUE,150,31.07,0.57
39.1,-7.81787,5,800,TRUE,150,31.07,0.57
39.2,-7.81787,5,800,TRUE,150,31.07,0.57
39.3,-7.81787,5,800,TRUE,150,31.07,0.57
39.4,-7.81787,5,800,TRUE,150,31.07,0.57
39.5,-7.81787,5,800,TRUE,150,31.07,0.57
39.6,-7.81787,5,800,TRUE,150,31.07,0.57
39.7,-7.81787,5,800,TRUE,150,31.07,0.57
39.8,-7.81787,5,800,TRUE,150,31.07,0.57
39.9,-7.81787,5,800,TRUE,150,31.07,0.57
40,-7.81787,5,800,TRUE,150,31.07,0.57
40.1,-7.81787,5,800,TRUE,150,31.07,0.57
40.2,-7.81787,5,800,TRUE,150,31.07,0.57
40.3,-7.81787,5,800,TRUE,150,31.07,0.57
40.4,-7.81787,5,800,TRUE,150,31.07,0.57
40.5,-7.81787,5,800,TRUE,150,31.07,0.57
40.6,-7.81787,5,800,TRUE,150,31.07,0.57
40.7,-7.81787,5,800,TRUE,150,31.07,0.57
40.8,-7.81787,5,800,TRUE,150,31.07,0.57
40.9,-7.81787,5,800,TRUE,150,31.07,0.57
41,-7.81787,5,800,TRUE,150,31.07,0.57
41.1,-7.81787,5,800,TRUE,150,31.07,0.57
41.2,-7.81787,5,800,TRUE,150,31.07,0.57
41.3,-7.81787,5,800,TRUE,150,31.07,0.57
41.4,-7.81787,5,800,TRUE,150,31.07,0.57
41.5,-7.81787,5,800,TRUE,150,31.07,0.57
41.6,-7.81787,5,800,TRUE,150,31.07,0.57
41.7,-7.81787,5,800,TRUE,150,31.07,0.57
41.8,-7.81787,5,800,TRUE,150,31.07,0.57
41.9,-7.81787,5,800,TRUE,150,31.07,0.57
42,-7.81787,5,800,TRUE,150,31.07,0.57
42.1,-7.81787,5,800,TRUE,150,31.07,0.57
42.2,-7.81787,5,800,TRUE,150,31.07,0.57
36.9,-7.71787,0,800,TRUE,150,31.07,0.57
37,-7.71787,0,800,TRUE,150,31.07,0.57
37.1,-7.71787,5,800,TRUE,150,31.07,0.57
37.2,-7.71787,5,800,TRUE,150,31.07,0.57
37.3,-7.71787,5,800,TRUE,150,31.07,0.57
37.4,-7.71787,5,800,TRUE,150,31.07,0.57
37.5,-7.71787,5,800,TRUE,150,31.07,0.57
37.6,-7.71787,5,800,TRUE,150,31.07,0.57
37.7,-7.71787,5,800,TRUE,150,31.07,0.57
37.8,-7.71787,5,800,TRUE,150,31.07,0.57
37.9,-7.71787,5,800,TRUE,150,31.07,0.57
38,-7.71787,5,800,TRUE,150,31.07,0.57
38.1,-7.71787,5,800,TRUE,150,31.07,0.57
38.2,-7.71787,5,800,TRUE,150,31.07,0.57
38.3,-7.71787,5,800,TRUE,150,31.07,0.57
38.4,-7.71787,5,800,TRUE,150,31.07,0.57
38.5,-7.71787,5,800,TRUE,150,31.07,0.57
38.6,-7.71787,5,800,TRUE,150,31.07,0.57
38.7,-7.71787,5,800,TRUE,150,31.07,0.57
38.8,-7.71787,5,800,TRUE,150,31.07,0.57
38.9,-7.71787,5,800,TRUE,150,31.07,0.57
39,-7.71787,5,800,TRUE,150,31.07,0.57
39.1,-7.71787,5,800,TRUE,150,31.07,0.57
39.2,-7.71787,5,800,TRUE,150,31.07,0.57
39.3,-7.71787,5,800,TRUE,150,31.07,0.57
39.4,-7.71787,5,800,TRUE,150,31.07,0.57
39.5,-7.71787,5,800,TRUE,150,31.07,0.57
39.6,-7.71787,5,800,TRUE,150,31.07,0.57
39.7,-7.71787,5,800,TRUE,150,31.07,0.57
39.8,-7.71787,5,800,TRUE,150,31.07,0.57
39.9,-7.71787,5,800,TRUE,150,31.07,0.57
40,-7.71787,5,800,TRUE,150,31.07,0.57
40.1,-7.71787,5,800,TRUE,150,31.07,0.57
40.2,-7.71787,5,800,TRUE,150,31.07,0.57
40.3,-7.71787,5,800,TRUE,150,31.07,0.57
40.4,-7.71787,5,800,TRUE,150,31.07,0.57
40.5,-7.71787,5,800,TRUE,150,31.07,0.57
40.6,-7.71787,5,800,TRUE,150,31.07,0.57
40.7,-7.71787,5,800,TRUE,150,31.07,0.57
40.8,-7.71787,5,800,TRUE,150,31.07,0.57
40.9,-7.71787,5,800,TRUE,150,31.07,0.57
41,-7.71787,5,800,TRUE,150,31.07,0.57
41.1,-7.71787,5,800,TRUE,150,31.07,0.57
41.2,-7.71787,5,800,TRUE,150,31.07,0.57
41.3,-7.71787,5,800,TRUE,150,31.07,0.57
41.4,-7.71787,5,800,TRUE,150,31.07,0.57
41.5,-7.71787,5,800,TRUE,150,31.07,0.57
41.6,-7.71787,5,800,TRUE,150,31.07,0.57
41.7,-7.71787,5,800,TRUE,150,31.07,0.57
41.8,-7.71787,5,800,TRUE,150,31.07,0.57
41.9,-7.71787,5,800,TRUE,150,31.07,0.57
42,-7.71787,5,800,TRUE,150,31.07,0.57
42.1,-7.71787,5,800,TRUE,150,31.07,0.57
42.2,-7.71787,5,800,TRUE,150,31.07,0.57
36.9,-7.61787,0,800,TRUE,150,31.07,0.57
37,-7.61787,0,800,TRUE,150,31.07,0.57
37.1,-7.61787,0,800,TRUE,150,31.07,0.57
37.2,-7.61787,5,800,TRUE,150,31.07,0.57
37.3,-7.61787,5,800,TRUE,150,31.07,0.57
37.4,-7.61787,5,800,TRUE,150,31.07,0.57
37.5,-7.61787,5,800,TRUE,150,31.07,0.57
37.6,-7.61787,5,800,TRUE,150,31.07,0.57
37.7,-7.61787,5,800,TRUE,150,31.07,0.57
37.8,-7.61787,5,800,TRUE,150,31.07,0.57
37.9,-7.61787,5,800,TRUE,150,31.07,0.57
38,-7.61787,5,800,TRUE,150,31.07,0.57
38.1,-7.61787,5,800,TRUE,150,31.07,0.57
38.2,-7.61787,5,800,TRUE,150,31.07,0.57
38.3,-7.61787,5,800,TRUE,150,31.07,0.57
38.4,-7.61787,5,800,TRUE,150,31.07,0.57
38.5,-7.61787,5,800,TRUE,150,31.07,0.57
38.6,-7.61787,5,800,TRUE,150,31.07,0.57
38.7,-7.61787,5,800,TRUE,150,31.07,0.57
38.8,-7.61787,5,800,TRUE,150,31.07,0.57
38.9,-7.61787,5,800,TRUE,150,31.07,0.57
39,-7.61787,5,800,TRUE,150,31.07,0.57
39.1,-7.61787,5,800,TRUE,150,31.07,0.57
39.2,-7.61787,5,800,TRUE,150,31.07,0.57
39.3,-7.61787,5,800,TRUE,150,31.07,0.57
39.4,-7.61787,5,800,TRUE,150,31.07,0.57
39.5,-7.61787,5,800,TRUE,150,31.07,0.57
39.6,-7.61787,5,800,TRUE,150,31.07,0.57
39.7,-7.61787,5,800,TRUE,150,31.07,0.57
39.8,-7.61787,5,800,TRUE,150,31.07,0.57
39.9,-7.61787,5,800,TRUE,150,31.07,0.57
40,-7.61787,5,800,TRUE,150,31.07,0.57
40.1,-7.61787,5,800,TRUE,150,31.07,0.57
40.2,-7.61787,5,800,TRUE,150,31.07,0.57
40.3,-7.61787,5,800,TRUE,150,31.07,0.57
40.4,-7.61787,5,800,TRUE,150,31.07,0.57
40.5,-7.61787,5,800,TRUE,150,31.07,0.57
40.6,-7.61787,5,800,TRUE,150,31.07,0.57
40.7,-7.61787,5,800,TRUE,150,31.07,0.57
40.8,-7.61787,5,800,TRUE,150,31.07,0.57
40.9,-7.61787,5,800,TRUE,150,31.07,0.57
41,-7.61787,5,800,TRUE,150,31.07,0.57
41.1,-7.61787,5,800,TRUE,150,31.07,0.57
41.2,-7.61787,5,800,TRUE,150,31.07,0.57
41.3,-7.61787,5,800,TRUE,150,31.07,0.57
41.4,-7.61787,5,800,TRUE,150,31.07,0.57
41.5,-7.61787,5,800,TRUE,150,31.07,0.57
41.6,-7.61787,5,800,TRUE,150,31.07,0.57
41.7,-7.61787,5,800,TRUE,150,31.07,0.57
41.8,-7.61787,5,800,TRUE,150,31.07,0.57
41.9,-7.61787,5,800,TRUE,150,31.07,0.57
42,-7.61787,5,800,TRUE,150,31.07,0.57
42.1,-7.61787,5,800,TRUE,150,31.07,0.57
42.2,-7.61787,5,800,TRUE,150,31.07,0.57
36.9,-7.51787,0,800,TRUE,150,31.07,0.57
37,-7.51787,0,800,TRUE,150,31.07,0.57
37.1,-7.51787,0,800,TRUE,150,31.07,0.57
37.2,-7.51787,5,800,TRUE,150,31.07,0.57
37.3,-7.51787,5,800,TRUE,150,31.07,0.57
37.4,-7.51787,5,800,TRUE,150,31.07,0.57
37.5,-7.51787,5,800,TRUE,150,31.07,0.57
37.6,-7.51787,5,800,TRUE,150,31.07,0.57
37.7,-7.51787,5,800,TRUE,150,31.07,0.57
37.8,-7.51787,5,800,TRUE,150,31.07,0.57
37.9,-7.51787,5,800,TRUE,150,31.07,0.57
38,-7.51787,5,800,TRUE,150,31.07,0.57
38.1,-7.51787,5,800,TRUE,150,31.07,0.57
38.2,-7.51787,5,800,TRUE,150,31.07,0.57
38.3,-7.51787,5,800,TRUE,150,31.07,0.57
38.4,-7.51787,5,800,TRUE,150,31.07,0.57
38.5,-7.51787,5,800,TRUE,150,31.07,0.57
38.6,-7.51787,5,800,TRUE,150,31.07,0.57
38.7,-7.51787,5,800,TRUE,150,31.07,0.57
38.8,-7.51787,5,800,TRUE,150,31.07,0.57
38.9,-7.51787,5,800,TRUE,150,31.07,0.57
39,-7.51787,5,800,TRUE,150,31.07,0.57
39.1,-7.51787,5,800,TRUE,150,31.07,0.57
39.2,-7.51787,5,800,TRUE,150,31.07,0.57
39.3,-7.51787,5,800,TRUE,150,31.07,0.57
39.4,-7.51787,5,800,TRUE,150,31.07,0.57
39.5,-7.51787,5,800,TRUE,150,31.07,0.57
39.6,-7.51787,5,800,TRUE,150,31.07,0.57
39.7,-7.51787,5,800,TRUE,150,31.07,0.57
39.8,-7.51787,5,800,TRUE,150,31.07,0.57
39.9,-7.51787,5,800,TRUE,150,31.07,0.57
40,-7.51787,5,800,TRUE,150,31.07,0.57
40.1,-7.51787,5,800,TRUE,150,31.07,0.57
40.2,-7.51787,5,800,TRUE,150,31.07,0.57
40.3,-7.51787,5,800,TRUE,150,31.07,0.57
40.4,-7.51787,5,800,TRUE,150,31.07,0.57
40.5,-7.51787,5,800,TRUE,150,31.07,0.57
40.6,-7.51787,5,800,TRUE,150,31.07,0.57
40.7,-7.51787,5,800,TRUE,150,31.07,0.57
40.8,-7.51787,5,800,TRUE,150,31.07,0.57
40.9,-7.51787,5,800,TRUE,150,31.07,0.57
41,-7.51787,5,800,TRUE,150,31.07,0.57
41.1,-7.51787,5,800,TRUE,150,31.07,0.57
41.2,-7.51787,5,800,TRUE,150,31.07,0.57
41.3,-7.51787,5,800,TRUE,150,31.07,0.57
41.4,-7.51787,5,800,TRUE,150,31.07,0.57
41.5,-7.51787,5,800,TRUE,150,31.07,0.57
41.6,-7.51787,5,800,TRUE,150,31.07,0.57
41.7,-7.51787,5,800,TRUE,150,31.07,0.57
41.8,-7.51787,5,800,TRUE,150,31.07,0.57
41.9,-7.51787,5,800,TRUE,150,31.07,0.57
42,-7.51787,5,800,TRUE,150,31.07,0.57
42.1,-7.51787,5,800,TRUE,150,31.07,0.57
42.2,-7.51787,5,800,TRUE,150,31.07,0.57
36.9,-7.41787,0,800,TRUE,150,31.07,0.57
37,-7.41787,0,800,TRUE,150,31.07,0.57
37.1,-7.41787,0,800,TRUE,150,31.07,0.57
37.2,-7.41787,0,800,TRUE,150,31.07,0.57
37.3,-7.41787,5,800,TRUE,150,31.07,0.57
37.4,-7.41787,5,800,TRUE,150,31.07,0.57
37.5,-7.41787,5,800,TRUE,150,31.07,0.57
37.6,-7.41787,5,800,TRUE,150,31.07,0.57
37.7,-7.41787,5,800,TRUE,150,31.07,0.57
37.8,-7.41787,5,800,TRUE,150,31.07,0.57
37.9,-7.41787,5,800,TRUE,150,31.07,0.57
38,-7.41787,5,800,TRUE,150,31.07,0.57
38.1,-7.41787,5,800,TRUE,150,31.07,0.57
38.2,-7.41787,5,800,TRUE,150,31.07,0.57
38.3,-7.41787,5,800,TRUE,150,31.07,0.57
38.4,-7.41787,5,800,TRUE,150,31.07,0.57
38.5,-7.41787,5,800,TRUE,150,31.07,0.57
38.6,-7.41787,5,800,TRUE,150,31.07,0.57
38.7,-7.41787,5,800,TRUE,150,31.07,0.57
38.8,-7.41787,5,800,TRUE,150,31.07,0.57
38.9,-7.41787,5,800,TRUE,150,31.07,0.57
39,-7.41787,5,800,TRUE,150,31.07,0.57
39.1,-7.41787,5,800,TRUE,150,31.07,0.57
39.2,-7.41787,5,800,TRUE,150,31.07,0.57
39.3,-7.41787,5,800,TRUE,150,31.07,0.57
39.4,-7.41787,5,800,TRUE,150,31.07,0.57
39.5,-7.41787,5,800,TRUE,150,31.07,0.57
39.6,-7.41787,5,800,TRUE,150,31.07,0.57
39.7,-7.41787,5,800,TRUE,150,31.07,0.57
39.8,-7.41787,5,800,TRUE,150,31.07,0.57
39.9,-7.41787,5,800,TRUE,150,31.07,0.57
40,-7.41787,5,800,TRUE,150,31.07,0.57
40.1,-7.41787,5,800,TRUE,150,31.07,0.57
40.2,-7.41787,5,800,TRUE,150,31.07,0.57
40.3,-7.41787,5,800,TRUE,150,31.07,0.57
40.4,-7.41787,5,800,TRUE,150,31.07,0.57
40.5,-7.41787,5,800,TRUE,150,31.07,0.57
40.6,-7.41787,5,800,TRUE,150,31.07,0.57
40.7,-7.41787,5,800,TRUE,150,31.07,0.57
40.8,-7.41787,5,800,TRUE,150,31.07,0.57
40.9,-7.41787,5,800,TRUE,150,31.07,0.57
41,-7.41787,5,800,TRUE,150,31.07,0.57
41.1,-7.41787,5,800,TRUE,150,31.07,0.57
41.2,-7.41787,5,800,TRUE,150,31.07,0.57
41.3,-7.41787,5,800,TRUE,150,31.07,0.57
41.4,-7.41787,5,800,TRUE,150,31.07,0.57
41.5,-7.41787,5,800,TRUE,150,31.07,0.57
41.6,-7.41787,5,800,TRUE,150,31.07,0.57
41.7,-7.41787,5,800,TRUE,150,31.07,0.57
41.8,-7.41787,5,800,TRUE,150,31.07,0.57
41.9,-7.41787,5,800,TRUE,150,31.07,0.57
42,-7.41787,5,800,TRUE,150,31.07,0.57
42.1,-7.41787,5,800,TRUE,150,31.07,0.57
42.2,-7.41787,5,800,TRUE,150,31.07,0.57
36.9,-7.31787,0,800,TRUE,150,31.07,0.57
37,-7.31787,0,800,TRUE,150,31.07,0.57
37.1,-7.31787,0,800,TRUE,150,31.07,0.57
37.2,-7.31787,0,800,TRUE,150,31.07,0.57
37.3,-7.31787,5,800,TRUE,150,31.07,0.57
37.4,-7.31787,5,800,TRUE,150,31.07,0.57
37.5,-7.31787,5,800,TRUE,150,31.07,0.57
37.6,-7.31787,5,800,TRUE,150,31.07,0.57
37.7,-7.31787,5,800,TRUE,150,31.07,0.57
37.8,-7.31787,5,800,TRUE,150,31.07,0.57
37.9,-7.31787,5,800,TRUE,150,31.07,0.57
38,-7.31787,5,800,TRUE,150,31.07,0.57
38.1,-7.31787,5,800,TRUE,150,31.07,0.57
38.2,-7.31787,5,800,TRUE,150,31.07,0.57
38.3,-7.31787,5,800,TRUE,150,31.07,0.57
38.4,-7.31787,5,800,TRUE,150,31.07,0.57
38.5,-7.31787,5,800,TRUE,150,31.07,0.57
38.6,-7.31787,5,800,TRUE,150,31.07,0.57
38.7,-7.31787,5,800,TRUE,150,31.07,0.57
38.8,-7.31787,5,800,TRUE,150,31.07,0.57
38.9,-7.31787,5,800,TRUE,150,31.07,0.57
39,-7.31787,5,800,TRUE,150,31.07,0.57
39.1,-7.31787,5,800,TRUE,150,31.07,0.57
39.2,-7.31787,5,800,TRUE,150,31.07,0.57
39.3,-7.31787,5,800,TRUE,150,31.07,0.57
39.4,-7.31787,5,800,TRUE,150,31.07,0.57
39.5,-7.31787,5,800,TRUE,150,31.07,0.57
39.6,-7.31787,5,800,TRUE,150,31.07,0.57
39.7,-7.31787,5,800,TRUE,150,31.07,0.57
39.8,-7.31787,5,800,TRUE,150,31.07,0.57
39.9,-7.31787,5,800,TRUE,150,31.07,0.57
40,-7.31787,5,800,TRUE,150,31.07,0.57
40.1,-7.31787,5,800,TRUE,150,31.07,0.57
40.2,-7.31787,5,800,TRUE,150,31.07,0.57
40.3,-7.31787,5,800,TRUE,150,31.07,0.57
40.4,-7.31787,5,800,TRUE,150,31.07,0.57
40.5,-7.31787,5,800,TRUE,150,31.07,0.57
40.6,-7.31787,5,800,TRUE,150,31.07,0.57
40.7,-7.31787,5,800,TRUE,150,31.07,0.57
40.8,-7.31787,5,800,TRUE,150,31.07,0.57
40.9,-7.31787,5,800,TRUE,150,31.07,0.57
41,-7.31787,5,800,TRUE,150,31.07,0.57
41.1,-7.31787,5,800,TRUE,150,31.07,0.57
41.2,-7.31787,5,800,TRUE,150,31.07,0.57
41.3,-7.31787,5,800,TRUE,150,31.07,0.57
41.4,-7.31787,5,800,TRUE,150,31.07,0.57
41.5,-7.31787,5,800,TRUE,150,31.07,0.57
41.6,-7.31787,5,800,TRUE,150,31.07,0.57
41.7,-7.31787,5,800,TRUE,150,31.07,0.57
41.8,-7.31787,5,800,TRUE,150,31.07,0.57
41.9,-7.31787,5,800,TRUE,150,31.07,0.57
42,-7.31787,5,800,TRUE,150,31.07,0.57
42.1,-7.31787,5,800,TRUE,150,31.07,0.57
42.2,-7.31787,5,800,TRUE,150,31.07,0.57
37,-7.21787,0,800,TRUE,150,31.07,0.57
37.1,-7.21787,0,800,TRUE,150,31.07,0.57
37.2,-7.21787,0,800,TRUE,150,31.07,0.57
37.3,-7.21787,0,800,TRUE,150,31.07,0.57
37.4,-7.21787,5,800,TRUE,150,31.07,0.57
37.5,-7.21787,5,800,TRUE,150,31.07,0.57
37.6,-7.21787,5,800,TRUE,150,31.07,0.57
37.7,-7.21787,5,800,TRUE,150,31.07,0.57
37.8,-7.21787,5,800,TRUE,150,31.07,0.57
37.9,-7.21787,5,800,TRUE,150,31.07,0.57
38,-7.21787,5,800,TRUE,150,31.07,0.57
38.1,-7.21787,5,800,TRUE,150,31.07,0.57
38.2,-7.21787,5,800,TRUE,150,31.07,0.57
38.3,-7.21787,5,800,TRUE,150,31.07,0.57
38.4,-7.21787,5,800,TRUE,150,31.07,0.57
38.5,-7.21787,5,800,TRUE,150,31.07,0.57
38.6,-7.21787,5,800,TRUE,150,31.07,0.57
38.7,-7.21787,5,800,TRUE,150,31.07,0.57
38.8,-7.21787,5,800,TRUE,150,31.07,0.57
38.9,-7.21787,5,800,TRUE,150,31.07,0.57
39,-7.21787,5,800,TRUE,150,31.07,0.57
39.1,-7.21787,5,800,TRUE,150,31.07,0.57
39.2,-7.21787,5,800,TRUE,150,31.07,0.57
39.3,-7.21787,5,800,TRUE,150,31.07,0.57
39.4,-7.21787,5,800,TRUE,150,31.07,0.57
39.5,-7.21787,5,800,TRUE,150,31.07,0.57
39.6,-7.21787,5,800,TRUE,150,31.07,0.57
39.7,-7.21787,5,800,TRUE,150,31.07,0.57
39.8,-7.21787,5,800,TRUE,150,31.07,0.57
39.9,-7.21787,5,800,TRUE,150,31.07,0.57
40,-7.21787,5,800,TRUE,150,31.07,0.57
40.1,-7.21787,5,800,TRUE,150,31.07,0.57
40.2,-7.21787,5,800,TRUE,150,31.07,0.57
40.3,-7.21787,5,800,TRUE,150,31.07,0.57
40.4,-7.21787,5,800,TRUE,150,31.07,0.57
40.5,-7.21787,5,800,TRUE,150,31.07,0.57
40.6,-7.21787,5,800,TRUE,150,31.07,0.57
40.7,-7.21787,5,800,TRUE,150,31.07,0.57
40.8,-7.21787,5,800,TRUE,150,31.07,0.57
40.9,-7.21787,5,800,TRUE,150,31.07,0.57
41,-7.21787,5,800,TRUE,150,31.07,0.57
41.1,-7.21787,5,800,TRUE,150,31.07,0.57
41.2,-7.21787,5,800,TRUE,150,31.07,0.57
41.3,-7.21787,5,800,TRUE,150,31.07,0.57
41.4,-7.21787,5,800,TRUE,150,31.07,0.57
41.5,-7.21787,5,800,TRUE,150,31.07,0.57
41.6,-7.21787,5,800,TRUE,150,31.07,0.57
41.7,-7.21787,5,800,TRUE,150,31.07,0.57
41.8,-7.21787,5,800,TRUE,150,31.07,0.57
41.9,-7.21787,5,800,TRUE,150,31.07,0.57
42,-7.21787,5,800,TRUE,150,31.07,0.57
42.1,-7.21787,5,800,TRUE,150,31.07,0.57
42.2,-7.21787,5,800,TRUE,150,31.07,0.57
37,-7.11787,0,800,TRUE,150,31.07,0.57
37.1,-7.11787,0,800,TRUE,150,31.07,0.57
37.2,-7.11787,0,800,TRUE,150,31.07,0.57
37.3,-7.11787,0,800,TRUE,150,31.07,0.57
37.4,-7.11787,0,800,TRUE,150,31.07,0.57
37.5,-7.11787,0,800,TRUE,150,31.07,0.57
37.6,-7.11787,5,800,TRUE,150,31.07,0.57
37.7,-7.11787,5,800,TRUE,150,31.07,0.57
37.8,-7.11787,5,800,TRUE,150,31.07,0.57
37.9,-7.11787,5,800,TRUE,150,31.07,0.57
38,-7.11787,5,800,TRUE,150,31.07,0.57
38.1,-7.11787,5,800,TRUE,150,31.07,0.57
38.2,-7.11787,5,800,TRUE,150,31.07,0.57
38.3,-7.11787,5,800,TRUE,150,31.07,0.57
38.4,-7.11787,5,800,TRUE,150,31.07,0.57
38.5,-7.11787,5,800,TRUE,150,31.07,0.57
38.6,-7.11787,5,800,TRUE,150,31.07,0.57
38.7,-7.11787,5,800,TRUE,150,31.07,0.57
38.8,-7.11787,5,800,TRUE,150,31.07,0.57
38.9,-7.11787,5,800,TRUE,150,31.07,0.57
39,-7.11787,5,800,TRUE,150,31.07,0.57
39.1,-7.11787,5,800,TRUE,150,31.07,0.57
39.2,-7.11787,5,800,TRUE,150,31.07,0.57
39.3,-7.11787,5,800,TRUE,150,31.07,0.57
39.4,-7.11787,5,800,TRUE,150,31.07,0.57
39.5,-7.11787,5,800,TRUE,150,31.07,0.57
39.6,-7.11787,5,800,TRUE,150,31.07,0.57
39.7,-7.11787,5,800,TRUE,150,31.07,0.57
39.8,-7.11787,5,800,TRUE,150,31.07,0.57
39.9,-7.11787,5,800,TRUE,150,31.07,0.57
40,-7.11787,5,800,TRUE,150,31.07,0.57
40.1,-7.11787,5,800,TRUE,150,31.07,0.57
40.2,-7.11787,5,800,TRUE,150,31.07,0.57
40.3,-7.11787,5,800,TRUE,150,31.07,0.57
40.4,-7.11787,5,800,TRUE,150,31.07,0.57
40.5,-7.11787,5,800,TRUE,150,31.07,0.57
40.6,-7.11787,5,800,TRUE,150,31.07,0.57
40.7,-7.11787,5,800,TRUE,150,31.07,0.57
40.8,-7.11787,5,800,TRUE,150,31.07,0.57
40.9,-7.11787,5,800,TRUE,150,31.07,0.57
41,-7.11787,5,800,TRUE,150,31.07,0.57
41.1,-7.11787,5,800,TRUE,150,31.07,0.57
41.2,-7.11787,5,800,TRUE,150,31.07,0.57
41.3,-7.11787,5,800,TRUE,150,31.07,0.57
41.4,-7.11787,5,800,TRUE,150,31.07,0.57
41.5,-7.11787,5,800,TRUE,150,31.07,0.57
41.6,-7.11787,5,800,TRUE,150,31.07,0.57
41.7,-7.11787,5,800,TRUE,150,31.07,0.57
41.8,-7.11787,5,800,TRUE,150,31.07,0.57
41.9,-7.11787,5,800,TRUE,150,31.07,0.57
42,-7.11787,5,800,TRUE,150,31.07,0.57
42.1,-7.11787,5,800,TRUE,150,31.07,0.57
42.2,-7.11787,5,800,TRUE,150,31.07,0.57
36.9,-7.01787,0,800,TRUE,150,31.07,0.57
37,-7.01787,0,800,TRUE,150,31.07,0.57
37.1,-7.01787,0,800,TRUE,150,31.07,0.57
37.2,-7.01787,0,800,TRUE,150,31.07,0.57
37.3,-7.01787,0,800,TRUE,150,31.07,0.57
37.4,-7.01787,0,800,TRUE,150,31.07,0.57
37.5,-7.01787,0,800,TRUE,150,31.07,0.57
37.6,-7.01787,0,800,TRUE,150,31.07,0.57
37.7,-7.01787,5,800,TRUE,150,31.07,0.57
37.8,-7.01787,5,800,TRUE,150,31.07,0.57
37.9,-7.01787,5,800,TRUE,150,31.07,0.57
38,-7.01787,5,800,TRUE,150,31.07,0.57
38.1,-7.01787,5,800,TRUE,150,31.07,0.57
38.2,-7.01787,5,800,TRUE,150,31.07,0.57
38.3,-7.01787,5,800,TRUE,150,31.07,0.57
38.4,-7.01787,5,800,TRUE,150,31.07,0.57
38.5,-7.01787,5,800,TRUE,150,31.07,0.57
38.6,-7.01787,5,800,TRUE,150,31.07,0.57
38.7,-7.01787,5,800,TRUE,150,31.07,0.57
38.8,-7.01787,5,800,TRUE,150,31.07,0.57
38.9,-7.01787,5,800,TRUE,150,31.07,0.57
39,-7.01787,5,800,TRUE,150,31.07,0.57
39.1,-7.01787,5,800,TRUE,150,31.07,0.57
39.2,-7.01787,5,800,TRUE,150,31.07,0.57
39.3,-7.01787,5,800,TRUE,150,31.07,0.57
39.4,-7.01787,5,800,TRUE,150,31.07,0.57
39.5,-7.01787,5,800,TRUE,150,31.07,0.57
39.6,-7.01787,5,800,TRUE,150,31.07,0.57
39.7,-7.01787,5,800,TRUE,150,31.07,0.57
39.8,-7.01787,5,800,TRUE,150,31.07,0.57
39.9,-7.01787,5,800,TRUE,150,31.07,0.57
40,-7.01787,5,800,TRUE,150,31.07,0.57
40.1,-7.01787,5,800,TRUE,150,31.07,0.57
40.2,-7.01787,5,800,TRUE,150,31.07,0.57
40.3,-7.01787,5,800,TRUE,150,31.07,0.57
40.4,-7.01787,5,800,TRUE,150,31.07,0.57
40.5,-7.01787,5,800,TRUE,150,31.07,0.57
40.6,-7.01787,5,800,TRUE,150,31.07,0.57
40.7,-7.01787,5,800,TRUE,150,31.07,0.57
40.8,-7.01787,5,800,TRUE,150,31.07,0.57
40.9,-7.01787,5,800,TRUE,150,31.07,0.57
41,-7.01787,5,800,TRUE,150,31.07,0.57
41.1,-7.01787,5,800,TRUE,150,31.07,0.57
41.2,-7.01787,5,800,TRUE,150,31.07,0.57
41.3,-7.01787,5,800,TRUE,150,31.07,0.57
41.4,-7.01787,5,800,TRUE,150,31.07,0.57
41.5,-7.01787,5,800,TRUE,150,31.07,0.57
41.6,-7.01787,5,800,TRUE,150,31.07,0.57
41.7,-7.01787,5,800,TRUE,150,31.07,0.57
41.8,-7.01787,5,800,TRUE,150,31.07,0.57
41.9,-7.01787,5,800,TRUE,150,31.07,0.57
42,-7.01787,5,800,TRUE,150,31.07,0.57
42.1,-7.01787,5,800,TRUE,150,31.07,0.57
42.2,-7.01787,5,800,TRUE,150,31.07,0.57
36.9,-6.91787,0,800,TRUE,150,31.07,0.57
37,-6.91787,0,800,TRUE,150,31.07,0.57
37.1,-6.91787,0,800,TRUE,150,31.07,0.57
37.2,-6.91787,0,800,TRUE,150,31.07,0.57
37.3,-6.91787,0,800,TRUE,150,31.07,0.57
37.4,-6.91787,0,800,TRUE,150,31.07,0.57
37.5,-6.91787,0,800,TRUE,150,31.07,0.57
37.6,-6.91787,0,800,TRUE,150,31.07,0.57
37.7,-6.91787,0,800,TRUE,150,31.07,0.57
37.8,-6.91787,0,800,TRUE,150,31.07,0.57
37.9,-6.91787,5,800,TRUE,150,31.07,0.57
38,-6.91787,5,800,TRUE,150,31.07,0.57
38.1,-6.91787,5,800,TRUE,150,31.07,0.57
38.2,-6.91787,5,800,TRUE,150,31.07,0.57
38.3,-6.91787,5,800,TRUE,150,31.07,0.57
38.4,-6.91787,5,800,TRUE,150,31.07,0.57
38.5,-6.91787,5,800,TRUE,150,31.07,0.57
38.6,-6.91787,5,800,TRUE,150,31.07,0.57
38.7,-6.91787,5,800,TRUE,150,31.07,0.57
38.8,-6.91787,5,800,TRUE,150,31.07,0.57
38.9,-6.91787,5,800,TRUE,150,31.07,0.57
39,-6.91787,5,800,TRUE,150,31.07,0.57
39.1,-6.91787,5,800,TRUE,150,31.07,0.57
39.2,-6.91787,5,800,TRUE,150,31.07,0.57
39.3,-6.91787,5,800,TRUE,150,31.07,0.57
39.4,-6.91787,5,800,TRUE,150,31.07,0.57
39.5,-6.91787,5,800,TRUE,150,31.07,0.57
39.6,-6.91787,5,800,TRUE,150,31.07,0.57
39.7,-6.91787,5,800,TRUE,150,31.07,0.57
39.8,-6.91787,5,800,TRUE,150,31.07,0.57
39.9,-6.91787,5,800,TRUE,150,31.07,0.57
40,-6.91787,5,800,TRUE,150,31.07,0.57
40.1,-6.91787,5,800,TRUE,150,31.07,0.57
40.2,-6.91787,5,800,TRUE,150,31.07,0.57
40.3,-6.91787,5,800,TRUE,150,31.07,0.57
40.4,-6.91787,5,800,TRUE,150,31.07,0.57
40.5,-6.91787,5,800,TRUE,150,31.07,0.57
40.6,-6.91787,5,800,TRUE,150,31.07,0.57
40.7,-6.91787,5,800,TRUE,150,31.07,0.57
40.8,-6.91787,5,800,TRUE,150,31.07,0.57
40.9,-6.91787,5,800,TRUE,150,31.07,0.57
41,-6.91787,5,800,TRUE,150,31.07,0.57
41.1,-6.91787,5,800,TRUE,150,31.07,0.57
41.2,-6.91787,5,800,TRUE,150,31.07,0.57
41.3,-6.91787,5,800,TRUE,150,31.07,0.57
41.4,-6.91787,5,800,TRUE,150,31.07,0.57
41.5,-6.91787,5,800,TRUE,150,31.07,0.57
41.6,-6.91787,5,800,TRUE,150,31.07,0.57
41.7,-6.91787,5,800,TRUE,150,31.07,0.57
41.8,-6.91787,5,800,TRUE,150,31.07,0.57
41.9,-6.91787,5,800,TRUE,150,31.07,0.57
42,-6.91787,5,800,TRUE,150,31.07,0.57
42.1,-6.91787,5,800,TRUE,150,31.07,0.57
42.2,-6.91787,5,800,TRUE,150,31.07,0.57
36.9,-6.81787,0,800,TRUE,150,31.07,0.57
37,-6.81787,0,800,TRUE,150,31.07,0.57
37.1,-6.81787,0,800,TRUE,150,31.07,0.57
37.2,-6.81787,0,800,TRUE,150,31.07,0.57
37.3,-6.81787,0,800,TRUE,150,31.07,0.57
37.4,-6.81787,0,800,TRUE,150,31.07,0.57
37.5,-6.81787,0,800,TRUE,150,31.07,0.57
37.6,-6.81787,0,800,TRUE,150,31.07,0.57
37.7,-6.81787,0,800,TRUE,150,31.07,0.57
37.8,-6.81787,0,800,TRUE,150,31.07,0.57
37.9,-6.81787,0,800,TRUE,150,31.07,0.57
38,-6.81787,5,800,TRUE,150,31.07,0.57
38.1,-6.81787,5,800,TRUE,150,31.07,0.57
38.2,-6.81787,5,800,TRUE,150,31.07,0.57
38.3,-6.81787,5,800,TRUE,150,31.07,0.57
38.4,-6.81787,5,800,TRUE,150,31.07,0.57
38.5,-6.81787,5,800,TRUE,150,31.07,0.57
38.6,-6.81787,5,800,TRUE,150,31.07,0.57
38.7,-6.81787,5,800,TRUE,150,31.07,0.57
38.8,-6.81787,5,800,TRUE,150,31.07,0.57
38.9,-6.81787,5,800,TRUE,150,31.07,0.57
39,-6.81787,5,800,TRUE,150,31.07,0.57
39.1,-6.81787,5,800,TRUE,150,31.07,0.57
39.2,-6.81787,5,800,TRUE,150,31.07,0.57
39.3,-6.81787,5,800,TRUE,150,31.07,0.57
39.4,-6.81787,5,800,TRUE,150,31.07,0.57
39.5,-6.81787,5,800,TRUE,150,31.07,0.57
39.6,-6.81787,5,800,TRUE,150,31.07,0.57
39.7,-6.81787,5,800,TRUE,150,31.07,0.57
39.8,-6.81787,5,800,TRUE,150,31.07,0.57
39.9,-6.81787,5,800,TRUE,150,31.07,0.57
40,-6.81787,5,800,TRUE,150,31.07,0.57
40.1,-6.81787,5,800,TRUE,150,31.07,0.57
40.2,-6.81787,5,800,TRUE,150,31.07,0.57
40.3,-6.81787,5,800,TRUE,150,31.07,0.57
40.4,-6.81787,5,800,TRUE,150,31.07,0.57
40.5,-6.81787,5,800,TRUE,150,31.07,0.57
40.6,-6.81787,5,800,TRUE,150,31.07,0.57
40.7,-6.81787,5,800,TRUE,150,31.07,0.57
40.8,-6.81787,5,800,TRUE,150,31.07,0.57
40.9,-6.81787,5,800,TRUE,150,31.07,0.57
41,-6.81787,5,800,TRUE,150,31.07,0.57
41.1,-6.81787,5,800,TRUE,150,31.07,0.57
41.2,-6.81787,5,800,TRUE,150,31.07,0.57
41.3,-6.81787,5,800,TRUE,150,31.07,0.57
41.4,-6.81787,5,800,TRUE,150,31.07,0.57
41.5,-6.81787,5,800,TRUE,150,31.07,0.57
41.6,-6.81787,5,800,TRUE,150,31.07,0.57
41.7,-6.81787,5,800,TRUE,150,31.07,0.57
41.8,-6.81787,5,800,TRUE,150,31.07,0.57
41.9,-6.81787,5,800,TRUE,150,31.07,0.57
42,-6.81787,5,800,TRUE,150,31.07,0.57
42.1,-6.81787,5,800,TRUE,150,31.07,0.57
42.2,-6.81787,5,800,TRUE,150,31.07,0.57
36.9,-6.71787,0,800,TRUE,150,31.07,0.57
37,-6.71787,0,800,TRUE,150,31.07,0.57
37.1,-6.71787,0,800,TRUE,150,31.07,0.57
37.2,-6.71787,0,800,TRUE,150,31.07,0.57
37.3,-6.71787,0,800,TRUE,150,31.07,0.57
37.4,-6.71787,0,800,TRUE,150,31.07,0.57
37.5,-6.71787,0,800,TRUE,150,31.07,0.57
37.6,-6.71787,0,800,TRUE,150,31.07,0.57
37.7,-6.71787,0,800,TRUE,150,31.07,0.57
37.8,-6.71787,0,800,TRUE,150,31.07,0.57
37.9,-6.71787,0,800,TRUE,150,31.07,0.57
38,-6.71787,0,800,TRUE,150,31.07,0.57
38.1,-6.71787,0,800,TRUE,150,31.07,0.57
38.2,-6.71787,5,800,TRUE,150,31.07,0.57
38.3,-6.71787,5,800,TRUE,150,31.07,0.57
38.4,-6.71787,5,800,TRUE,150,31.07,0.57
38.5,-6.71787,5,800,TRUE,150,31.07,0.57
38.6,-6.71787,5,800,TRUE,150,31.07,0.57
38.7,-6.71787,5,800,TRUE,150,31.07,0.57
38.8,-6.71787,5,800,TRUE,150,31.07,0.57
38.9,-6.71787,5,800,TRUE,150,31.07,0.57
39,-6.71787,5,800,TRUE,150,31.07,0.57
39.1,-6.71787,5,800,TRUE,150,31.07,0.57
39.2,-6.71787,5,800,TRUE,150,31.07,0.57
39.3,-6.71787,5,800,TRUE,150,31.07,0.57
39.4,-6.71787,5,800,TRUE,150,31.07,0.57
39.5,-6.71787,5,800,TRUE,150,31.07,0.57
39.6,-6.71787,5,800,TRUE,150,31.07,0.57
39.7,-6.71787,5,800,TRUE,150,31.07,0.57
39.8,-6.71787,5,800,TRUE,150,31.07,0.57
39.9,-6.71787,5,800,TRUE,150,31.07,0.57
40,-6.71787,5,800,TRUE,150,31.07,0.57
40.1,-6.71787,5,800,TRUE,150,31.07,0.57
40.2,-6.71787,5,800,TRUE,150,31.07,0.57
40.3,-6.71787,5,800,TRUE,150,31.07,0.57
40.4,-6.71787,5,800,TRUE,150,31.07,0.57
40.5,-6.71787,5,800,TRUE,150,31.07,0.57
40.6,-6.71787,5,800,TRUE,150,31.07,0.57
40.7,-6.71787,5,800,TRUE,150,31.07,0.57
40.8,-6.71787,5,800,TRUE,150,31.07,0.57
40.9,-6.71787,5,800,TRUE,150,31.07,0.57
41,-6.71787,5,800,TRUE,150,31.07,0.57
41.1,-6.71787,5,800,TRUE,150,31.07,0.57
41.2,-6.71787,5,800,TRUE,150,31.07,0.57
41.3,-6.71787,5,800,TRUE,150,31.07,0.57
41.4,-6.71787,5,800,TRUE,150,31.07,0.57
41.5,-6.71787,5,800,TRUE,150,31.07,0.57
41.6,-6.71787,5,800,TRUE,150,31.07,0.57
41.7,-6.71787,5,800,TRUE,150,31.07,0.57
41.8,-6.71787,5,800,TRUE,150,31.07,0.57
41.9,-6.71787,5,800,TRUE,150,31.07,0.57
42,-6.71787,5,800,TRUE,150,31.07,0.57
42.1,-6.71787,5,800,TRUE,150,31.07,0.57
42.2,-6.71787,5,800,TRUE,150,31.07,0.57
36.9,-6.61787,0,800,TRUE,150,31.07,0.57
37,-6.61787,0,800,TRUE,150,31.07,0.57
37.1,-6.61787,0,800,TRUE,150,31.07,0.57
37.2,-6.61787,0,800,TRUE,150,31.07,0.57
37.3,-6.61787,0,800,TRUE,150,31.07,0.57
37.4,-6.61787,0,800,TRUE,150,31.07,0.57
37.5,-6.61787,0,800,TRUE,150,31.07,0.57
37.6,-6.61787,0,800,TRUE,150,31.07,0.57
37.7,-6.61787,0,800,TRUE,150,31.07,0.57
37.8,-6.61787,0,800,TRUE,150,31.07,0.57
37.9,-6.61787,0,800,TRUE,150,31.07,0.57
38,-6.61787,0,800,TRUE,150,31.07,0.57
38.1,-6.61787,0,800,TRUE,150,31.07,0.57
38.2,-6.61787,0,800,TRUE,150,31.07,0.57
38.3,-6.61787,5,800,TRUE,150,31.07,0.57
38.4,-6.61787,5,800,TRUE,150,31.07,0.57
38.5,-6.61787,5,800,TRUE,150,31.07,0.57
38.6,-6.61787,5,800,TRUE,150,31.07,0.57
38.7,-6.61787,5,800,TRUE,150,31.07,0.57
38.8,-6.61787,5,800,TRUE,150,31.07,0.57
38.9,-6.61787,5,800,TRUE,150,31.07,0.57
39,-6.61787,5,800,TRUE,150,31.07,0.57
39.1,-6.61787,5,800,TRUE,150,31.07,0.57
39.2,-6.61787,5,800,TRUE,150,31.07,0.57
39.3,-6.61787,5,800,TRUE,150,31.07,0.57
39.4,-6.61787,5,800,TRUE,150,31.07,0.57
39.5,-6.61787,5,800,TRUE,150,31.07,0.57
39.6,-6.61787,5,800,TRUE,150,31.07,0.57
39.7,-6.61787,5,800,TRUE,150,31.07,0.57
39.8,-6.61787,5,800,TRUE,150,31.07,0.57
39.9,-6.61787,5,800,TRUE,150,31.07,0.57
40,-6.61787,5,800,TRUE,150,31.07,0.57
40.1,-6.61787,5,800,TRUE,150,31.07,0.57
40.2,-6.61787,5,800,TRUE,150,31.07,0.57
40.3,-6.61787,5,800,TRUE,150,31.07,0.57
40.4,-6.61787,5,800,TRUE,150,31.07,0.57
40.5,-6.61787,5,800,TRUE,150,31.07,0.57
40.6,-6.61787,5,800,TRUE,150,31.07,0.57
40.7,-6.61787,5,800,TRUE,150,31.07,0.57
40.8,-6.61787,5,800,TRUE,150,31.07,0.57
40.9,-6.61787,5,800,TRUE,150,31.07,0.57
41,-6.61787,5,800,TRUE,150,31.07,0.57
41.1,-6.61787,5,800,TRUE,150,31.07,0.57
41.2,-6.61787,5,800,TRUE,150,31.07,0.57
41.3,-6.61787,5,800,TRUE,150,31.07,0.57
41.4,-6.61787,5,800,TRUE,150,31.07,0.57
41.5,-6.61787,5,800,TRUE,150,31.07,0.57
41.6,-6.61787,5,800,TRUE,150,31.07,0.57
41.7,-6.61787,5,800,TRUE,150,31.07,0.57
41.8,-6.61787,5,800,TRUE,150,31.07,0.57
41.9,-6.61787,5,800,TRUE,150,31.07,0.57
42,-6.61787,5,800,TRUE,150,31.07,0.57
42.1,-6.61787,5,800,TRUE,150,31.07,0.57
42.2,-6.61787,5,800,TRUE,150,31.07,0.57
36.9,-6.51787,0,800,TRUE,150,31.07,0.57
37,-6.51787,0,800,TRUE,150,31.07,0.57
37.1,-6.51787,0,800,TRUE,150,31.07,0.57
37.2,-6.51787,0,800,TRUE,150,31.07,0.57
37.3,-6.51787,0,800,TRUE,150,31.07,0.57
37.4,-6.51787,0,800,TRUE,150,31.07,0.57
37.5,-6.51787,0,800,TRUE,150,31.07,0.57
37.6,-6.51787,0,800,TRUE,150,31.07,0.57
37.7,-6.51787,0,800,TRUE,150,31.07,0.57
37.8,-6.51787,0,800,TRUE,150,31.07,0.57
37.9,-6.51787,0,800,TRUE,150,31.07,0.57
38,-6.51787,0,800,TRUE,150,31.07,0.57
38.1,-6.51787,0,800,TRUE,150,31.07,0.57
38.2,-6.51787,0,800,TRUE,150,31.07,0.57
38.3,-6.51787,5,800,TRUE,150,31.07,0.57
38.4,-6.51787,5,800,TRUE,150,31.07,0.57
38.5,-6.51787,5,800,TRUE,150,31.07,0.57
38.6,-6.51787,5,800,TRUE,150,31.07,0.57
38.7,-6.51787,5,800,TRUE,150,31.07,0.57
38.8,-6.51787,5,800,TRUE,150,31.07,0.57
38.9,-6.51787,5,800,TRUE,150,31.07,0.57
39,-6.51787,5,800,TRUE,150,31.07,0.57
39.1,-6.51787,5,800,TRUE,150,31.07,0.57
39.2,-6.51787,5,800,TRUE,150,31.07,0.57
39.3,-6.51787,5,800,TRUE,150,31.07,0.57
39.4,-6.51787,5,800,TRUE,150,31.07,0.57
39.5,-6.51787,5,800,TRUE,150,31.07,0.57
39.6,-6.51787,5,800,TRUE,150,31.07,0.57
39.7,-6.51787,5,800,TRUE,150,31.07,0.57
39.8,-6.51787,5,800,TRUE,150,31.07,0.57
39.9,-6.51787,5,800,TRUE,150,31.07,0.57
40,-6.51787,5,800,TRUE,150,31.07,0.57
40.1,-6.51787,5,800,TRUE,150,31.07,0.57
40.2,-6.51787,5,800,TRUE,150,31.07,0.57
40.3,-6.51787,5,800,TRUE,150,31.07,0.57
40.4,-6.51787,5,800,TRUE,150,31.07,0.57
40.5,-6.51787,5,800,TRUE,150,31.07,0.57
40.6,-6.51787,5,800,TRUE,150,31.07,0.57
40.7,-6.51787,5,800,TRUE,150,31.07,0.57
40.8,-6.51787,5,800,TRUE,150,31.07,0.57
40.9,-6.51787,5,800,TRUE,150,31.07,0.57
41,-6.51787,5,800,TRUE,150,31.07,0.57
41.1,-6.51787,5,800,TRUE,150,31.07,0.57
41.2,-6.51787,5,800,TRUE,150,31.07,0.57
41.3,-6.51787,5,800,TRUE,150,31.07,0.57
41.4,-6.51787,5,800,TRUE,150,31.07,0.57
41.5,-6.51787,5,800,TRUE,150,31.07,0.57
41.6,-6.51787,5,800,TRUE,150,31.07,0.57
41.7,-6.51787,5,800,TRUE,150,31.07,0.57
41.8,-6.51787,5,800,TRUE,150,31.07,0.57
41.9,-6.51787,5,800,TRUE,150,31.07,0.57
42,-6.51787,5,800,TRUE,150,31.07,0.57
42.1,-6.51787,5,800,TRUE,150,31.07,0.57
42.2,-6.51787,5,800,TRUE,150,31.07,0.57
36.9,-6.41787,0,800,TRUE,150,31.07,0.57
37,-6.41787,0,800,TRUE,150,31.07,0.57
37.1,-6.41787,0,800,TRUE,150,31.07,0.57
37.2,-6.41787,0,800,TRUE,150,31.07,0.57
37.3,-6.41787,0,800,TRUE,150,31.07,0.57
37.4,-6.41787,0,800,TRUE,150,31.07,0.57
37.5,-6.41787,0,800,TRUE,150,31.07,0.57
37.6,-6.41787,0,800,TRUE,150,31.07,0.57
37.7,-6.41787,0,800,TRUE,150,31.07,0.57
37.8,-6.41787,0,800,TRUE,150,31.07,0.57
37.9,-6.41787,0,800,TRUE,150,31.07,0.57
38,-6.41787,0,800,TRUE,150,31.07,0.57
38.1,-6.41787,0,800,TRUE,150,31.07,0.57
38.2,-6.41787,0,800,TRUE,150,31.07,0.57
38.3,-6.41787,0,800,TRUE,150,31.07,0.57
38.4,-6.41787,5,800,TRUE,150,31.07,0.57
38.5,-6.41787,5,800,TRUE,150,31.07,0.57
38.6,-6.41787,5,800,TRUE,150,31.07,0.57
38.7,-6.41787,5,800,TRUE,150,31.07,0.57
38.8,-6.41787,5,800,TRUE,150,31.07,0.57
38.9,-6.41787,5,800,TRUE,150,31.07,0.57
39,-6.41787,5,800,TRUE,150,31.07,0.57
39.1,-6.41787,5,800,TRUE,150,31.07,0.57
39.2,-6.41787,5,800,TRUE,150,31.07,0.57
39.3,-6.41787,5,800,TRUE,150,31.07,0.57
39.4,-6.41787,5,800,TRUE,150,31.07,0.57
39.5,-6.41787,5,800,TRUE,150,31.07,0.57
39.6,-6.41787,5,800,TRUE,150,31.07,0.57
39.7,-6.41787,5,800,TRUE,150,31.07,0.57
39.8,-6.41787,5,800,TRUE,150,31.07,0.57
39.9,-6.41787,5,800,TRUE,150,31.07,0.57
40,-6.41787,5,800,TRUE,150,31.07,0.57
40.1,-6.41787,5,800,TRUE,150,31.07,0.57
40.2,-6.41787,5,800,TRUE,150,31.07,0.57
40.3,-6.41787,5,800,TRUE,150,31.07,0.57
40.4,-6.41787,5,800,TRUE,150,31.07,0.57
40.5,-6.41787,5,800,TRUE,150,31.07,0.57
40.6,-6.41787,5,800,TRUE,150,31.07,0.57
40.7,-6.41787,5,800,TRUE,150,31.07,0.57
40.8,-6.41787,5,800,TRUE,150,31.07,0.57
40.9,-6.41787,5,800,TRUE,150,31.07,0.57
41,-6.41787,5,800,TRUE,150,31.07,0.57
41.1,-6.41787,5,800,TRUE,150,31.07,0.57
41.2,-6.41787,5,800,TRUE,150,31.07,0.57
41.3,-6.41787,5,800,TRUE,150,31.07,0.57
41.4,-6.41787,5,800,TRUE,150,31.07,0.57
41.5,-6.41787,5,800,TRUE,150,31.07,0.57
41.6,-6.41787,5,800,TRUE,150,31.07,0.57
41.7,-6.41787,5,800,TRUE,150,31.07,0.57
41.8,-6.41787,5,800,TRUE,150,31.07,0.57
41.9,-6.41787,5,800,TRUE,150,31.07,0.57
42,-6.41787,5,800,TRUE,150,31.07,0.57
42.1,-6.41787,5,800,TRUE,150,31.07,0.57
42.2,-6.41787,5,800,TRUE,150,31.07,0.57
36.9,-6.31787,0,800,TRUE,150,31.07,0.57
37,-6.31787,0,800,TRUE,150,31.07,0.57
37.1,-6.31787,0,800,TRUE,150,31.07,0.57
37.2,-6.31787,0,800,TRUE,150,31.07,0.57
37.3,-6.31787,0,800,TRUE,150,31.07,0.57
37.4,-6.31787,0,800,TRUE,150,31.07,0.57
37.5,-6.31787,0,800,TRUE,150,31.07,0.57
37.6,-6.31787,0,800,TRUE,150,31.07,0.57
37.7,-6.31787,0,800,TRUE,150,31.07,0.57
37.8,-6.31787,0,800,TRUE,150,31.07,0.57
37.9,-6.31787,0,800,TRUE,150,31.07,0.57
38,-6.31787,0,800,TRUE,150,31.07,0.57
38.1,-6.31787,0,800,TRUE,150,31.07,0.57
38.2,-6.31787,0,800,TRUE,150,31.07,0.57
38.3,-6.31787,0,800,TRUE,150,31.07,0.57
38.4,-6.31787,0,800,TRUE,150,31.07,0.57
38.5,-6.31787,0,800,TRUE,150,31.07,0.57
38.6,-6.31787,0,800,TRUE,150,31.07,0.57
38.7,-6.31787,5,800,TRUE,150,31.07,0.57
38.8,-6.31787,5,800,TRUE,150,31.07,0.57
38.9,-6.31787,5,800,TRUE,150,31.07,0.57
39,-6.31787,5,800,TRUE,150,31.07,0.57
39.1,-6.31787,5,800,TRUE,150,31.07,0.57
39.2,-6.31787,5,800,TRUE,150,31.07,0.57
39.3,-6.31787,5,800,TRUE,150,31.07,0.57
39.4,-6.31787,5,800,TRUE,150,31.07,0.57
39.5,-6.31787,5,800,TRUE,150,31.07,0.57
39.6,-6.31787,5,800,TRUE,150,31.07,0.57
39.7,-6.31787,5,800,TRUE,150,31.07,0.57
39.8,-6.31787,5,800,TRUE,150,31.07,0.57
39.9,-6.31787,5,800,TRUE,150,31.07,0.57
40,-6.31787,5,800,TRUE,150,31.07,0.57
40.1,-6.31787,5,800,TRUE,150,31.07,0.57
40.2,-6.31787,5,800,TRUE,150,31.07,0.57
40.3,-6.31787,5,800,TRUE,150,31.07,0.57
40.4,-6.31787,5,800,TRUE,150,31.07,0.57
40.5,-6.31787,5,800,TRUE,150,31.07,0.57
40.6,-6.31787,5,800,TRUE,150,31.07,0.57
40.7,-6.31787,5,800,TRUE,150,31.07,0.57
40.8,-6.31787,5,800,TRUE,150,31.07,0.57
40.9,-6.31787,5,800,TRUE,150,31.07,0.57
41,-6.31787,5,800,TRUE,150,31.07,0.57
41.1,-6.31787,5,800,TRUE,150,31.07,0.57
41.2,-6.31787,5,800,TRUE,150,31.07,0.57
41.3,-6.31787,5,800,TRUE,150,31.07,0.57
41.4,-6.31787,5,800,TRUE,150,31.07,0.57
41.5,-6.31787,5,800,TRUE,150,31.07,0.57
41.6,-6.31787,5,800,TRUE,150,31.07,0.57
41.7,-6.31787,5,800,TRUE,150,31.07,0.57
41.8,-6.31787,5,800,TRUE,150,31.07,0.57
41.9,-6.31787,5,800,TRUE,150,31.07,0.57
42,-6.31787,5,800,TRUE,150,31.07,0.57
42.1,-6.31787,5,800,TRUE,150,31.07,0.57
42.2,-6.31787,5,800,TRUE,150,31.07,0.57
36.9,-6.21787,0,800,TRUE,150,31.07,0.57
37,-6.21787,0,800,TRUE,150,31.07,0.57
37.1,-6.21787,0,800,TRUE,150,31.07,0.57
37.2,-6.21787,0,800,TRUE,150,31.07,0.57
37.3,-6.21787,0,800,TRUE,150,31.07,0.57
37.4,-6.21787,0,800,TRUE,150,31.07,0.57
37.5,-6.21787,0,800,TRUE,150,31.07,0.57
37.6,-6.21787,0,800,TRUE,150,31.07,0.57
37.7,-6.21787,0,800,TRUE,150,31.07,0.57
37.8,-6.21787,0,800,TRUE,150,31.07,0.57
37.9,-6.21787,0,800,TRUE,150,31.07,0.57
38,-6.21787,0,800,TRUE,150,31.07,0.57
38.1,-6.21787,0,800,TRUE,150,31.07,0.57
38.2,-6.21787,0,800,TRUE,150,31.07,0.57
38.3,-6.21787,0,800,TRUE,150,31.07,0.57
38.4,-6.21787,0,800,TRUE,150,31.07,0.57
38.5,-6.21787,0,800,TRUE,150,31.07,0.57
38.6,-6.21787,0,800,TRUE,150,31.07,0.57
38.7,-6.21787,0,800,TRUE,150,31.07,0.57
38.8,-6.21787,5,800,TRUE,150,31.07,0.57
38.9,-6.21787,5,800,TRUE,150,31.07,0.57
39,-6.21787,5,800,TRUE,150,31.07,0.57
39.1,-6.21787,5,800,TRUE,150,31.07,0.57
39.2,-6.21787,5,800,TRUE,150,31.07,0.57
39.3,-6.21787,5,800,TRUE,150,31.07,0.57
39.4,-6.21787,5,800,TRUE,150,31.07,0.57
39.5,-6.21787,5,800,TRUE,150,31.07,0.57
39.6,-6.21787,5,800,TRUE,150,31.07,0.57
39.7,-6.21787,5,800,TRUE,150,31.07,0.57
39.8,-6.21787,5,800,TRUE,150,31.07,0.57
39.9,-6.21787,5,800,TRUE,150,31.07,0.57
40,-6.21787,5,800,TRUE,150,31.07,0.57
40.1,-6.21787,5,800,TRUE,150,31.07,0.57
40.2,-6.21787,5,800,TRUE,150,31.07,0.57
40.3,-6.21787,5,800,TRUE,150,31.07,0.57
40.4,-6.21787,5,800,TRUE,150,31.07,0.57
40.5,-6.21787,5,800,TRUE,150,31.07,0.57
40.6,-6.21787,5,800,TRUE,150,31.07,0.57
40.7,-6.21787,5,800,TRUE,150,31.07,0.57
40.8,-6.21787,5,800,TRUE,150,31.07,0.57
40.9,-6.21787,5,800,TRUE,150,31.07,0.57
41,-6.21787,5,800,TRUE,150,31.07,0.57
41.1,-6.21787,5,800,TRUE,150,31.07,0.57
41.2,-6.21787,5,800,TRUE,150,31.07,0.57
41.3,-6.21787,5,800,TRUE,150,31.07,0.57
41.4,-6.21787,5,800,TRUE,150,31.07,0.57
41.5,-6.21787,5,800,TRUE,150,31.07,0.57
41.6,-6.21787,5,800,TRUE,150,31.07,0.57
41.7,-6.21787,5,800,TRUE,150,31.07,0.57
41.8,-6.21787,5,800,TRUE,150,31.07,0.57
41.9,-6.21787,5,800,TRUE,150,31.07,0.57
42,-6.21787,5,800,TRUE,150,31.07,0.57
42.1,-6.21787,5,800,TRUE,150,31.07,0.57
42.2,-6.21787,5,800,TRUE,150,31.07,0.57
